customer_id,customer_name,area,Recency,Frequency,Monetary,Cluster,Segment
31813,Indrajit Pau,Sultan Pur Majra,26,2,4153.05,3,Loyal Customers
61020,Onkar Suresh,Kurnool,66,3,3124.91,3,Loyal Customers
119099,Zansi Parsa,Kavali,165,4,1675.0,3,Loyal Customers
188838,Idika Basu,Madanapalle,260,2,1916.44,2,Regular Customers
191616,Brijesh Tata,Pallavaram,165,2,1638.0300000000002,2,Regular Customers
211163,Hiral Baral,Satna,149,3,1859.08,3,Loyal Customers
243838,Sudiksha Nagar,Visakhapatnam,336,3,1975.12,3,Loyal Customers
376144,Ira Chhabra,Anantapuram,114,5,5456.429999999999,0,Premium Customers
408590,Januja Zachariah,Jorhat,322,1,795.1,1,At Risk Customers
469006,Shivansh Loyal,Begusarai,162,3,2128.66,3,Loyal Customers
625395,Leena Loyal,Siliguri,34,4,5032.1,0,Premium Customers
644189,Tanay Sahni,Bhopal,135,1,171.2,2,Regular Customers
666589,Kevin Bassi,Morbi,286,1,1597.71,1,At Risk Customers
701493,Ekaraj Saini,Shahjahanpur,139,3,2361.6800000000003,3,Loyal Customers
767523,Maya Khosla,Vasai-Virar,123,1,505.95,2,Regular Customers
773410,Ladli Saha,Kota,82,1,1011.9,2,Regular Customers
820740,Mekhala Sathe,Ambala,10,3,4674.24,3,Loyal Customers
899941,Lopa Venkataraman,Sambhal,340,2,708.9799999999999,1,At Risk Customers
949062,Jackson Karpe,Mau,580,1,2840.58,1,At Risk Customers
954629,Fiyaz Mand,Begusarai,538,1,2014.65,1,At Risk Customers
966247,Jeevika Deo,Junagadh,201,1,326.42,2,Regular Customers
1108176,Charita Chad,Bhalswa Jahangir Pur,281,2,2287.92,1,At Risk Customers
1152215,Yachana Pathak,Dhanbad,485,1,2362.2,1,At Risk Customers
1174162,Anirudh Vig,Guna,19,3,4150.22,3,Loyal Customers
1200365,Avni Mistry,Thane,80,2,2030.11,2,Regular Customers
1301661,Yashvi Parekh,Saharanpur,125,1,494.17,2,Regular Customers
1342184,Girish Sem,Dehradun,406,2,1983.89,1,At Risk Customers
1449273,Forum Deol,Pondicherry,431,2,269.14,1,At Risk Customers
1469696,Gaurangi Banerjee,Jalna,227,2,704.13,2,Regular Customers
1497747,Nachiket Kalla,Sangli-Miraj & Kupwad,522,1,343.56,1,At Risk Customers
1507408,Kai Gara,Bangalore,402,3,1865.26,1,At Risk Customers
1529180,Darsh Gokhale,Bareilly,508,2,373.89,1,At Risk Customers
1562083,Madhavi Mishra,Bhopal,54,2,3141.5599999999995,3,Loyal Customers
1588560,Jeremiah Nath,Anantapuram,238,2,1072.9,2,Regular Customers
1601161,Chanchal Thakur,Amaravati,70,5,2357.82,3,Loyal Customers
1603358,Samaksh Randhawa,Gandhinagar,426,3,6212.849999999999,0,Premium Customers
1655637,Turvi Radhakrishnan,Ichalkaranji,370,1,964.12,1,At Risk Customers
1683786,Urvashi Balan,Hajipur,163,2,2457.17,3,Loyal Customers
1697604,Arjun Deep,Bongaigaon,281,3,1371.42,3,Loyal Customers
1705969,Qasim Kalla,Surat,267,2,2481.09,3,Loyal Customers
1719710,Pushti Sabharwal,Giridih,414,2,819.8100000000001,1,At Risk Customers
1771249,Samesh Devi,Bathinda,241,1,225.21,2,Regular Customers
1816969,Tejas Pillai,Vadodara,92,2,2727.45,3,Loyal Customers
1855421,Jasmit Kibe,Kadapa,302,2,1149.06,1,At Risk Customers
1989720,Anusha Bahri,Saharanpur,92,2,3042.82,3,Loyal Customers
2058037,Yutika Badal,Rajkot,5,4,3387.9800000000005,3,Loyal Customers
2134827,Vasudha Kalita,Ambarnath,307,1,724.84,1,At Risk Customers
2136830,Bhavya Goswami,Bidhannagar,423,1,657.8,1,At Risk Customers
2164524,Kamala Natt,Rohtak,369,4,6930.889999999999,0,Premium Customers
2188994,Bimala Mitra,Patiala,168,1,986.38,2,Regular Customers
2219590,Upadhriti Sandhu,Solapur,58,4,8328.5,0,Premium Customers
2233446,Wakeeta Pillay,Panihati,257,2,2762.59,3,Loyal Customers
2361575,Aarnav Seth,Faridabad,87,2,1873.35,2,Regular Customers
2365348,Zashil Varghese,Siwan,156,1,194.08,2,Regular Customers
2391900,Nisha Gokhale,Bhagalpur,485,1,1641.8,1,At Risk Customers
2400009,Jonathan Korpal,Amaravati,167,3,6684.24,0,Premium Customers
2414265,Ayushman Bala,Sultan Pur Majra,86,2,1074.09,2,Regular Customers
2442235,Pushti Bhattacharyya,Latur,11,2,2285.66,2,Regular Customers
2457734,Onkar Garg,Ahmednagar,6,4,3567.4,3,Loyal Customers
2517955,Charan Sharma,Mathura,252,1,675.63,2,Regular Customers
2558646,Vyanjana Dara,Bhusawal,207,3,1692.04,3,Loyal Customers
2566268,Arjun Ratta,Mysore,8,5,2492.01,3,Loyal Customers
2584499,Shivansh Tata,Ludhiana,93,3,2754.45,3,Loyal Customers
2667357,Nathan Kaul,Guntakal,365,1,710.8499999999999,1,At Risk Customers
2684440,Hamsini De,Ranchi,165,5,4632.05,0,Premium Customers
2848415,Anika Raja,Aurangabad,294,1,1641.8,1,At Risk Customers
2875442,Arunima Vyas,Bettiah,269,1,766.05,2,Regular Customers
2903620,Bahadurjit Rama,Proddatur,224,2,473.09,2,Regular Customers
2928026,Vrishti Basak,Ahmedabad,324,1,2147.16,1,At Risk Customers
3002538,Sanya Sule,Sonipat,73,2,1819.86,2,Regular Customers
3096845,Yashvi Chander,Guntakal,364,2,1048.38,1,At Risk Customers
3100301,Wazir Saini,Bathinda,477,1,1296.0,1,At Risk Customers
3282647,Warda Pal,Unnao,290,2,1460.12,1,At Risk Customers
3292927,Nisha Iyer,Rewa,21,3,2420.6400000000003,3,Loyal Customers
3399251,Ekalinga Bhatt,Solapur,335,1,66.42,1,At Risk Customers
3408982,Tripti Chakraborty,Bhatpara,60,4,1870.35,3,Loyal Customers
3410758,Qabil Salvi,Hazaribagh,589,1,390.03,1,At Risk Customers
3421258,Ishita Chaudhuri,Kota,260,2,3367.35,3,Loyal Customers
3468355,Chameli Subramanian,Pune,159,1,1268.61,2,Regular Customers
3483295,Maya Nath,Imphal,239,1,1793.73,2,Regular Customers
3588443,Yashica Pingle,Rohtak,36,2,2191.06,2,Regular Customers
3638834,Falan Nayak,Warangal,390,2,2445.3,1,At Risk Customers
3660263,Jagdish Bains,Phagwara,226,1,98.32,2,Regular Customers
3730316,Ishanvi Shankar,Berhampore,23,3,1895.56,3,Loyal Customers
3786105,Ojas Sankaran,Kirari Suleman Nagar,201,2,976.32,2,Regular Customers
3844290,Yashawini Thaman,Berhampore,34,2,2692.27,3,Loyal Customers
3872421,Ladli Saran,Panvel,146,1,550.06,2,Regular Customers
3875480,Harshil Mital,Berhampur,513,1,369.28,1,At Risk Customers
3893903,Bimala Sura,Bathinda,126,1,1296.0,2,Regular Customers
3897936,Maanav Singh,Pudukkottai,34,5,3954.55,0,Premium Customers
3999964,Ansh Minhas,Orai,117,2,3024.24,3,Loyal Customers
4055790,Noah Malhotra,Jamnagar,399,2,1231.5600000000002,1,At Risk Customers
4057678,Brijesh Khalsa,Kadapa,36,2,1195.9,2,Regular Customers
4192351,Leela Date,Nandyal,191,1,409.8,2,Regular Customers
4200802,Chakrika Gaba,Ramgarh,380,1,1157.7,1,At Risk Customers
4356173,Jalsa Khatri,Rajkot,255,3,3004.58,3,Loyal Customers
4378755,Oscar Ratta,Pali,67,3,3850.07,3,Loyal Customers
4386273,Jagrati Sengupta,Nandyal,78,3,2225.1000000000004,3,Loyal Customers
4394659,Xalak Goel,Pune,184,2,2418.68,3,Loyal Customers
4439806,Balendra Sethi,Mathura,197,3,1269.61,3,Loyal Customers
4444673,Chatresh Patla,Srikakulam,198,1,88.43,2,Regular Customers
4458329,Nimrat Sandal,Mira-Bhayandar,92,1,2827.11,2,Regular Customers
4543215,Farhan Soni,Satna,333,1,671.55,1,At Risk Customers
4594944,Hardik Mane,Cuttack,455,1,675.46,1,At Risk Customers
4597433,Lipika Kumer,Tadepalligudem,71,6,9553.69,0,Premium Customers
4606533,Anusha Bhagat,Rajpur Sonarpur,472,1,1776.32,1,At Risk Customers
4758426,Qushi Dash,Vijayawada,522,2,1256.56,1,At Risk Customers
4789829,Balvan Shah,Rourkela,249,2,2116.21,2,Regular Customers
4862761,Maya Chatterjee,Eluru,113,2,1349.84,2,Regular Customers
4940671,Sarthak Doshi,Silchar,353,1,2633.94,1,At Risk Customers
4988545,Prisha Jha,Anantapuram,244,2,3399.38,3,Loyal Customers
5001749,Dayamai Chanda,Kota,36,2,1327.48,2,Regular Customers
5039883,Gavin Garg,Purnia,92,5,5947.42,0,Premium Customers
5043760,Chatresh Dara,Davanagere,186,2,1981.02,2,Regular Customers
5135207,Xalak Mittal,Moradabad,442,1,2776.95,1,At Risk Customers
5140660,Tripti Loke,Akola,363,1,2467.89,1,At Risk Customers
5226128,Wridesh Mander,Bhimavaram,249,2,2916.74,3,Loyal Customers
5228136,Oeshi Mallick,Ambarnath,134,3,2340.32,3,Loyal Customers
5238055,Chandani D’Alia,Guntur,123,3,1200.24,3,Loyal Customers
5277675,Vansha Deol,Ghaziabad,395,2,1686.9,1,At Risk Customers
5386246,Oeshi Dhillon,Kadapa,111,3,3903.87,3,Loyal Customers
5418547,Qushi Devi,Pune,66,2,2765.1,3,Loyal Customers
5540556,Lakshit Balan,Gangtok,31,4,1876.09,3,Loyal Customers
5607734,Riya Batta,Jamshedpur,387,1,784.44,1,At Risk Customers
5700842,Waida Trivedi,Amravati,561,1,415.75,1,At Risk Customers
5712468,Zinal Shan,Thanjavur,39,2,1927.16,2,Regular Customers
5716817,Xalak Master,Aurangabad,229,3,2432.06,3,Loyal Customers
5751638,Xiti Wagle,Aligarh,334,2,881.94,1,At Risk Customers
5754255,Radha Rana,Mango,134,3,3022.7000000000003,3,Loyal Customers
5763963,Chandran Seth,Pimpri-Chinchwad,220,5,5530.43,0,Premium Customers
5901440,Faris Chopra,Sambhal,600,1,90.56,1,At Risk Customers
5961261,Vrishti Memon,Varanasi,206,4,2309.94,3,Loyal Customers
6025470,Isaac Mander,Sagar,388,1,217.4,1,At Risk Customers
6061349,Gautami Trivedi,Haldia,181,3,5571.15,0,Premium Customers
6081270,Caleb Sane,Gaya,434,1,446.54,1,At Risk Customers
6150721,Vaishnavi Master,Panihati,53,5,3307.33,0,Premium Customers
6184558,Gaurang Grewal,Tezpur,573,1,688.14,1,At Risk Customers
6186471,Dominic Koshy,Chittoor,261,1,46.62,2,Regular Customers
6245778,Reva Shanker,Guntakal,305,3,3923.26,3,Loyal Customers
6247821,Mekhala Vora,Panvel,26,3,1395.26,3,Loyal Customers
6291143,Banjeet Oak,Yamunanagar,137,2,1666.1999999999998,2,Regular Customers
6319646,Rehaan Suresh,Udupi,131,3,947.09,2,Regular Customers
6335221,Lajita Loyal,Rajpur Sonarpur,117,2,1945.56,2,Regular Customers
6344345,Shaurya Chhabra,Burhanpur,67,3,2717.31,3,Loyal Customers
6390687,Shivansh Dasgupta,Alwar,205,2,931.82,2,Regular Customers
6398761,Kabir Kala,Naihati,76,4,5156.79,0,Premium Customers
6459100,Shivansh Mand,Agra,80,3,424.85,2,Regular Customers
6579892,Indrajit Sodhi,Silchar,10,4,4960.86,0,Premium Customers
6617417,Pavani Talwar,New Delhi,143,1,1829.76,2,Regular Customers
6622751,Nachiket Ratti,Thiruvananthapuram,500,1,728.73,1,At Risk Customers
6637282,Damini Lad,North Dumdum,166,4,2932.45,3,Loyal Customers
6668498,Bimala Prakash,Ratlam,40,2,997.74,2,Regular Customers
6724509,Guneet Brahmbhatt,Munger,19,3,2361.9300000000003,3,Loyal Customers
6756256,Ijaya Goel,Bellary,141,3,2011.52,3,Loyal Customers
6812439,Vasana Mand,Bhalswa Jahangir Pur,112,3,1612.32,3,Loyal Customers
6853981,Radhika Bahri,Machilipatnam,317,1,1300.4,1,At Risk Customers
6856445,Meghana Mangal,Darbhanga,463,2,2987.01,1,At Risk Customers
6867315,Yash Lata,Imphal,320,2,1640.7200000000005,1,At Risk Customers
6959437,Rushil Prakash,Jammu,31,3,2967.87,3,Loyal Customers
6982488,Vanya Sachdev,Jalna,1,3,3935.34,3,Loyal Customers
6992801,Yochana Nagy,Rajkot,171,1,1937.88,2,Regular Customers
7076456,Upkaar Munshi,Ichalkaranji,455,2,3755.62,1,At Risk Customers
7228206,Anmol Koshy,Jalgaon,151,4,5842.9800000000005,0,Premium Customers
7288562,Triya Singhal,Dewas,50,3,2309.29,3,Loyal Customers
7333934,Om Chand,Deoghar,194,3,1947.76,3,Loyal Customers
7378768,Shravya Dada,Bellary,395,2,1495.13,1,At Risk Customers
7522036,Kashvi Karan,Hospet,454,1,139.86,1,At Risk Customers
7551173,Chandran Sur,Ghaziabad,288,1,58.59,1,At Risk Customers
7591711,Triya Kakar,Nagercoil,320,4,2901.36,3,Loyal Customers
7687234,Farhan Sheth,Naihati,466,1,176.86,1,At Risk Customers
7728406,Leela Bansal,Ranchi,132,5,5168.7,0,Premium Customers
8025622,Daksh Bali,Bulandshahr,106,3,2392.61,3,Loyal Customers
8073518,Mekhala Pandit,Nellore,506,1,1538.48,1,At Risk Customers
8138417,Champak Narayan,Nangloi Jat,479,1,710.8499999999999,1,At Risk Customers
8164639,Pushti Dhillon,Gandhidham,175,2,1866.22,2,Regular Customers
8228843,Vritti Halder,Bangalore,279,3,3121.09,3,Loyal Customers
8241122,Tristan Zachariah,Ambarnath,107,4,889.72,3,Loyal Customers
8351747,Darika Kaul,Khammam,406,3,1539.69,1,At Risk Customers
8361353,Pahal Kibe,Bhiwani,222,2,1979.41,2,Regular Customers
8375298,Yahvi Vora,Begusarai,420,2,2506.63,1,At Risk Customers
8383197,Nikita Ravi,Tiruppur,20,2,1837.94,2,Regular Customers
8384106,Urishilla Upadhyay,Hubli–Dharwad,352,1,963.26,1,At Risk Customers
8395343,Ekani Pingle,Bathinda,490,3,3823.56,1,At Risk Customers
8395610,Ranveer Subramanian,Erode,203,2,760.35,2,Regular Customers
8513589,Ishaan Nayak,Bathinda,194,2,1165.86,2,Regular Customers
8536503,Ubika Om,Ramagundam,150,2,4673.700000000001,3,Loyal Customers
8628482,Krishna Mani,Bhiwandi,36,2,2662.44,3,Loyal Customers
8632679,Ayaan Bal,North Dumdum,398,1,508.0,1,At Risk Customers
8651281,Jonathan Seshadri,Ranchi,146,4,4598.36,0,Premium Customers
8733344,Chandani Mishra,Jammu,70,2,5284.530000000001,3,Loyal Customers
8791577,Warda Kohli,Madhyamgram,22,8,6844.42,0,Premium Customers
8817168,Lajita Sharma,Mehsana,457,1,551.28,1,At Risk Customers
8881320,Tanmayi Sem,Uluberia,7,2,317.88,2,Regular Customers
8886587,Aishani Sura,Moradabad,123,1,560.7,2,Regular Customers
8955057,Zashil Goyal,Bhubaneswar,121,3,2770.09,3,Loyal Customers
9048817,Bhavika Banik,Udaipur,226,1,1738.44,2,Regular Customers
9097480,Hamsini Verma,Bihar Sharif,4,2,2438.44,2,Regular Customers
9105829,David Gopal,Begusarai,347,2,737.32,1,At Risk Customers
9107360,Anvi Iyer,Dindigul,118,3,3449.46,3,Loyal Customers
9195970,Riya Uppal,Karawal Nagar,600,1,176.86,1,At Risk Customers
9246851,Aarush Dixit,Ujjain,517,2,4774.929999999999,1,At Risk Customers
9274874,Kashvi Ganguly,Arrah,72,6,5650.36,0,Premium Customers
9278983,Madhav Guha,Bathinda,39,5,5067.05,0,Premium Customers
9314637,Aarav Sandal,Bhubaneswar,319,2,2772.46,1,At Risk Customers
9347990,Aarush Pingle,Nizamabad,18,2,4457.91,3,Loyal Customers
9401406,Lucky Babu,Panipat,56,3,2956.32,3,Loyal Customers
9419030,Thomas Doctor,Avadi,200,1,1458.84,2,Regular Customers
9423628,Chanakya Dutta,Malegaon,582,1,715.72,1,At Risk Customers
9450435,Sai Chaudhry,Bellary,174,3,4723.08,3,Loyal Customers
9551011,Idika Chand,Navi Mumbai,420,1,1713.78,1,At Risk Customers
9573071,Ranveer Mahal,Thrissur,111,4,2593.36,3,Loyal Customers
9641623,Samarth Chander,Kota,153,1,635.6,2,Regular Customers
9650263,Samar Vasa,Gandhidham,121,2,675.35,2,Regular Customers
9738801,Damyanti Nadkarni,Nellore,251,4,4626.31,0,Premium Customers
9796585,Damini Jha,Danapur,7,2,1847.28,2,Regular Customers
9981089,Ikbal Hari,Proddatur,308,2,3201.25,3,Loyal Customers
9987182,Tristan Hegde,Darbhanga,29,4,5108.85,0,Premium Customers
10019218,Elijah Brar,Parbhani,166,4,3090.02,3,Loyal Customers
10038382,Rajata Balay,Bahraich,300,2,3803.15,3,Loyal Customers
10048910,Pratyush Sawhney,Kozhikode,42,5,4650.110000000001,0,Premium Customers
10088428,Tara Raghavan,Khammam,34,1,2719.62,2,Regular Customers
10210309,Deepa Dewan,Kharagpur,117,1,369.28,2,Regular Customers
10225164,Siya Parmer,Dehri,141,2,1140.14,2,Regular Customers
10240052,Gagan Kakar,Guntakal,63,2,1410.71,2,Regular Customers
10418604,Xavier Agrawal,Gandhidham,216,3,2006.08,3,Loyal Customers
10508763,Anamika Issac,Ratlam,210,2,2748.24,3,Loyal Customers
10524732,Bhavna Ramesh,Rajahmundry,468,3,3629.21,1,At Risk Customers
10541231,Dayita Yadav,Bhiwandi,16,2,1198.0,2,Regular Customers
10562528,Udant Dada,Udaipur,20,7,3984.89,0,Premium Customers
10605484,Rachit Chakraborty,Visakhapatnam,319,2,2440.01,1,At Risk Customers
10608845,Aadi Gole,Bhilwara,405,1,264.89,1,At Risk Customers
10663246,Madhav Chana,Gandhidham,157,2,2245.23,2,Regular Customers
10683250,Manthan Sundaram,Bhagalpur,263,2,2690.99,3,Loyal Customers
10686446,Onkar Ratti,Tadipatri,223,1,636.42,2,Regular Customers
10694081,Faris Raval,Meerut,27,1,332.84,2,Regular Customers
10700664,Rehaan Tara,Raebareli,263,3,6494.97,0,Premium Customers
10729474,Gautami Pingle,Howrah,522,2,1865.03,1,At Risk Customers
10745302,Yochana Shukla,Indore,352,1,98.32,1,At Risk Customers
10769994,Tripti Tandon,Begusarai,332,2,1411.26,1,At Risk Customers
10789681,Anvi Rajan,Dehradun,169,1,1937.88,2,Regular Customers
10796846,Waida Sanghvi,Tiruvottiyur,561,1,359.98,1,At Risk Customers
10797688,Sudiksha Mannan,Bathinda,269,1,109.03,2,Regular Customers
10830043,Gabriel Iyer,Hospet,484,1,1300.4,1,At Risk Customers
10855630,Anya Rajagopal,Rajahmundry,141,2,3030.4700000000003,3,Loyal Customers
10857389,Nihal Mital,Hindupur,38,4,6590.65,0,Premium Customers
10945990,Frado Keer,Burhanpur,14,2,1306.13,2,Regular Customers
10951674,Anmol Lad,Guna,215,2,2103.5,2,Regular Customers
11047835,Nathaniel Reddy,Tinsukia,67,4,2805.8500000000004,3,Loyal Customers
11063505,Garima Pillay,Udaipur,8,2,1563.16,2,Regular Customers
11071601,Ojas Ahuja,Buxar,112,2,173.44,2,Regular Customers
11082181,Pratyush Munshi,Kalyan-Dombivli,257,1,1632.76,2,Regular Customers
11143197,Siya Mani,Bulandshahr,148,4,3743.84,3,Loyal Customers
11202130,Zehaan Lad,Bhilwara,105,4,6164.42,0,Premium Customers
11228463,Theodore Cherian,Kanpur,171,1,247.48,2,Regular Customers
11254582,Caleb Krish,Machilipatnam,199,3,1860.61,3,Loyal Customers
11387110,Om Sastry,Coimbatore,294,1,1344.48,1,At Risk Customers
11389698,Chameli Grover,Jammu,476,3,477.52,1,At Risk Customers
11446157,Nidhi Borra,Shimoga,193,5,4110.35,0,Premium Customers
11470681,Yashawini Sunder,Munger,241,1,551.88,2,Regular Customers
11478478,Vedika Dugal,Ahmednagar,28,6,4082.24,0,Premium Customers
11493300,Yatan Bedi,Durg,420,1,2216.2200000000003,1,At Risk Customers
11493380,Jhalak Peri,Madurai,14,4,2912.86,3,Loyal Customers
11503405,Damyanti Dua,Amritsar,479,1,537.24,1,At Risk Customers
11540364,Jonathan Virk,Firozabad,354,1,404.07,1,At Risk Customers
11562458,Parth Raghavan,Firozabad,331,2,448.92,1,At Risk Customers
11616535,Vrinda Bassi,Tadepalligudem,136,4,5321.31,0,Premium Customers
11636968,Frado Ravel,Srinagar,49,2,3297.01,3,Loyal Customers
11705793,Tripti Barad,Dindigul,204,2,842.51,2,Regular Customers
11775073,Keya Ganesan,Morbi,96,1,422.23,2,Regular Customers
11928321,Nikita Palan,Maheshtala,303,2,382.15,1,At Risk Customers
12059049,Jagdish Mander,Nizamabad,106,4,6416.26,0,Premium Customers
12077371,Gautami Maharaj,Sambalpur,367,4,7548.969999999999,0,Premium Customers
12088552,Aditya Barman,Patiala,543,2,1009.38,1,At Risk Customers
12090436,Tripti Yogi,Asansol,37,1,1072.26,2,Regular Customers
12141418,Faras Patla,Ambala,350,1,510.7,1,At Risk Customers
12184293,Dayita Mand,Phagwara,441,1,1706.8200000000002,1,At Risk Customers
12272282,Dev Bal,Sikar,29,5,9924.84,0,Premium Customers
12277039,Manthan Trivedi,Unnao,118,4,1001.24,3,Loyal Customers
12302179,Nikita Nagi,Tumkur,453,1,1953.1,1,At Risk Customers
12305040,Guneet Jayaraman,Noida,40,3,4140.6900000000005,3,Loyal Customers
12338529,Rishi Nayak,Bangalore,10,3,3229.9800000000005,3,Loyal Customers
12402437,Kamala Rama,Rajahmundry,236,2,2975.6600000000003,3,Loyal Customers
12415659,Damini Wagle,Ambala,116,1,340.36,2,Regular Customers
12455156,Ijaya Agrawal,Eluru,171,3,2583.68,3,Loyal Customers
12469338,Lavanya Dani,Coimbatore,223,2,2528.25,3,Loyal Customers
12500465,Barkha Chakrabarti,Phusro,370,2,2314.12,1,At Risk Customers
12507907,Maanas Dugal,Nangloi Jat,459,2,4113.450000000001,1,At Risk Customers
12574626,Nitesh Joshi,Amritsar,10,3,3795.55,3,Loyal Customers
12622901,Januja Kaul,Bareilly,238,2,5155.2,3,Loyal Customers
12655794,Teerth Mand,Hosur,447,1,1268.61,1,At Risk Customers
12695670,Anya Borde,Jaipur,490,2,498.17,1,At Risk Customers
12755730,Indrajit Mahal,Howrah,195,3,1415.44,3,Loyal Customers
12769552,Chameli Ranganathan,Ratlam,123,1,48.55,2,Regular Customers
12778027,Eshana Prabhu,New Delhi,328,2,219.75,1,At Risk Customers
12799092,William Sarkar,Unnao,39,3,3355.14,3,Loyal Customers
12814732,Janya Soni,Karaikudi,10,2,1514.0700000000002,2,Regular Customers
12832151,Ekavir Bhalla,Baranagar,42,7,8841.11,0,Premium Customers
12851610,Unnati Narayanan,Proddatur,41,5,7019.26,0,Premium Customers
12867472,Ishanvi Tripathi,Mehsana,192,2,1344.73,2,Regular Customers
12967305,Bhavani Sood,Durg,469,3,3744.37,1,At Risk Customers
12988801,Darika Verma,Gurgaon,268,2,2066.13,2,Regular Customers
13071673,Ijaya Bir,Jhansi,124,2,3096.49,3,Loyal Customers
13122744,Yashvi Dalal,Kalyan-Dombivli,387,1,799.46,1,At Risk Customers
13130974,Divya Garde,Eluru,289,1,801.84,1,At Risk Customers
13164195,Fitan Uppal,Durg,56,4,4095.21,0,Premium Customers
13189939,Ishanvi Raman,Bhopal,20,4,4292.58,0,Premium Customers
13197985,Gaurika Balasubramanian,Nanded,77,1,1441.9,2,Regular Customers
13251137,Ekalinga Vasa,Rampur,72,5,6790.4400000000005,0,Premium Customers
13265605,Yatin Krishnamurthy,Kollam,529,1,247.48,1,At Risk Customers
13284996,Irya Dayal,Phagwara,569,1,1553.31,1,At Risk Customers
13383642,Xavier Kashyap,Mumbai,113,3,2382.54,3,Loyal Customers
13415362,Tristan Grover,Dibrugarh,533,1,2496.18,1,At Risk Customers
13424885,Azaan Modi,Malda,449,1,728.73,1,At Risk Customers
13455530,Yoshita Varty,Saharsa,268,3,1250.2,3,Loyal Customers
13461704,Zayan Ratta,Nanded,353,1,791.0999999999999,1,At Risk Customers
13462905,Bimala Rau,Farrukhabad,113,1,781.08,2,Regular Customers
13465850,Anmol Koshy,Danapur,266,3,3855.75,3,Loyal Customers
13492411,Ekaraj Mahal,Patna,196,2,3640.96,3,Loyal Customers
13494314,Eesha Nadig,Mahbubnagar,119,2,2068.96,2,Regular Customers
13567338,Wahab Borah,Hubli–Dharwad,400,1,558.24,1,At Risk Customers
13581527,Jhalak Kalla,Hajipur,149,3,2018.06,3,Loyal Customers
13585482,Meera Dara,Buxar,38,3,3711.16,3,Loyal Customers
13604883,Siddharth Kata,Karimnagar,81,7,5514.04,0,Premium Customers
13651980,Abhiram Basak,Ranchi,195,2,511.96,2,Regular Customers
13760839,Anvi Savant,Guwahati,148,5,9113.99,0,Premium Customers
13796199,Pallavi Mutti,Deoghar,276,3,2319.92,3,Loyal Customers
13871547,Anthony Dhawan,Bhilwara,227,2,2209.77,2,Regular Customers
13963450,Hemang Kakar,Malegaon,325,1,621.38,1,At Risk Customers
14006996,Saumya Rau,Buxar,221,2,1110.82,2,Regular Customers
14161586,Aachal Nazareth,Bettiah,52,2,613.3100000000001,2,Regular Customers
14207332,Ucchal Uppal,Aligarh,145,2,295.17,2,Regular Customers
14255231,Advika Taneja,Surendranagar Dudhrej,142,2,1439.62,2,Regular Customers
14272050,Rajata Misra,Satna,324,2,1063.42,1,At Risk Customers
14275043,Tanvi Lala,Bhilwara,196,1,1754.86,2,Regular Customers
14294171,Ikshita Bava,Saharanpur,10,1,2174.52,2,Regular Customers
14330483,Vasatika Konda,Durgapur,88,2,2218.16,2,Regular Customers
14367270,Ganga Mody,Jabalpur,32,2,2711.9500000000003,3,Loyal Customers
14428954,Viraj Tank,Medininagar,293,3,3269.96,3,Loyal Customers
14458150,Kamya Ratta,Sambhal,414,2,1235.4,1,At Risk Customers
14472401,Ayaan Rege,Thiruvananthapuram,134,4,9275.73,0,Premium Customers
14479168,Sai Sawhney,Rewa,78,2,1458.86,2,Regular Customers
14632090,Ria Baria,Miryalaguda,54,3,6970.17,0,Premium Customers
14693393,Chavvi Iyer,Proddatur,84,2,620.92,2,Regular Customers
14705462,Nakul Pal,Bahraich,5,2,2762.86,3,Loyal Customers
14839726,Lohit Lanka,Mira-Bhayandar,280,2,578.02,1,At Risk Customers
14940427,Sara Rajagopalan,Loni,57,3,630.79,2,Regular Customers
14944819,Triya Patla,Anand,318,2,1648.62,1,At Risk Customers
14974554,Kevin Magar,Baranagar,418,2,3072.15,1,At Risk Customers
14991661,Logan Nigam,Chandrapur,109,2,2720.32,3,Loyal Customers
15043066,Bakhshi Majumdar,Rohtak,578,1,1849.35,1,At Risk Customers
15066187,Vedant Keer,Jammu,67,3,3436.74,3,Loyal Customers
15144290,Omkaar Swamy,Nizamabad,66,3,3567.69,3,Loyal Customers
15345667,Lila Chanda,Durg,269,1,563.45,2,Regular Customers
15391556,Ria Pau,Nellore,524,1,267.61,1,At Risk Customers
15417130,Henry Arora,Indore,269,1,204.88,2,Regular Customers
15484407,Saksham Kaur,Kakinada,15,3,1952.88,3,Loyal Customers
15487049,Aadhya Cherian,Motihari,118,2,3470.99,3,Loyal Customers
15529446,Pallavi Goda,Haridwar,465,2,2879.88,1,At Risk Customers
15534747,Oviya Luthra,Kadapa,416,2,3720.56,1,At Risk Customers
15568831,David Swamy,Jammu,437,2,2527.89,1,At Risk Customers
15599514,Yashodhara Magar,Tezpur,498,1,1329.51,1,At Risk Customers
15631726,Ucchal Murthy,Tezpur,49,3,3071.09,3,Loyal Customers
15661674,Jyoti Ray,Vadodara,555,2,4185.45,1,At Risk Customers
15661901,Warda Wagle,Kumbakonam,15,2,3058.38,3,Loyal Customers
15733078,Ekanta Shukla,Phagwara,46,1,691.74,2,Regular Customers
15796277,Finn Pau,Loni,462,1,972.69,1,At Risk Customers
15808945,Vrinda Khurana,Gangtok,12,4,4044.03,0,Premium Customers
15830066,Rishi Krishnan,Mira-Bhayandar,74,4,4174.99,0,Premium Customers
15897933,Mohini Rao,Jabalpur,219,1,877.43,2,Regular Customers
15931134,Azaan Gara,Darbhanga,317,2,1246.6799999999998,1,At Risk Customers
16082651,Amara Sundaram,Junagadh,118,2,1594.1,2,Regular Customers
16230299,Urvi Koshy,Pune,376,1,296.94,1,At Risk Customers
16256136,Panini Mangal,Aurangabad,232,2,3044.01,3,Loyal Customers
16341776,Oviya Gera,Sikar,534,1,728.73,1,At Risk Customers
16359370,Harsh Gaba,South Dumdum,325,1,1813.08,1,At Risk Customers
16376189,Samaksh Srivastava,Chapra,518,1,489.09,1,At Risk Customers
16379942,Harshil Kuruvilla,Orai,197,4,3365.58,3,Loyal Customers
16400639,Anvi Dutta,Pallavaram,15,2,1256.23,2,Regular Customers
16410155,Darika Barman,Bidhannagar,75,3,4529.08,3,Loyal Customers
16420489,Divya Peri,Nandyal,238,5,4407.54,0,Premium Customers
16424635,Fitan Kade,Mirzapur,211,3,3090.7300000000005,3,Loyal Customers
16436359,Yashica Ramesh,Kota,103,2,1643.5600000000002,2,Regular Customers
16448993,Chakradev Krishnan,Korba,430,1,2186.19,1,At Risk Customers
16484167,Hemal Bala,Guwahati,578,1,84.2,1,At Risk Customers
16485871,Chaman Kota,Salem,331,1,127.16,1,At Risk Customers
16543242,Vihaan Korpal,Darbhanga,25,5,5515.87,0,Premium Customers
16561710,Isaiah Natt,Baranagar,156,4,5342.15,0,Premium Customers
16617201,Ekaraj Bhandari,Hosur,179,1,1323.6,2,Regular Customers
16640907,Anjali Choudhary,Bhagalpur,574,1,139.86,1,At Risk Customers
16780752,Avi Soman,Begusarai,419,1,386.92,1,At Risk Customers
16785724,Indali Majumdar,Vellore,318,3,1959.8,3,Loyal Customers
17106161,Gagan Prabhakar,Shimoga,588,1,281.73,1,At Risk Customers
17132416,Diya Tak,Solapur,475,2,2414.6,1,At Risk Customers
17159117,Tripti Bassi,Karawal Nagar,355,2,2687.85,1,At Risk Customers
17201639,Vidhi Toor,Korba,407,1,652.5,1,At Risk Customers
17287733,Balhaar Chaudhari,Morbi,183,2,2135.91,2,Regular Customers
17341194,Faras Kaul,Burhanpur,257,2,2090.96,2,Regular Customers
17390673,Raghav Wali,Korba,36,2,1478.16,2,Regular Customers
17392512,Lavanya Bumb,Secunderabad,36,1,2731.32,2,Regular Customers
17521263,Tanvi Patla,Serampore,323,1,864.3,1,At Risk Customers
17597449,Umang Dhingra,Guna,124,5,3516.45,0,Premium Customers
17675915,Rayaan Wable,Varanasi,280,1,326.06,1,At Risk Customers
17681645,Maanav Bhat,Bhagalpur,170,1,2827.11,2,Regular Customers
17696094,Tanvi Barad,Kirari Suleman Nagar,532,1,354.52,1,At Risk Customers
17749347,Akshay Bhasin,Panchkula,17,2,3260.06,3,Loyal Customers
17805991,Jhalak Rai,Dhule,47,8,7604.13,0,Premium Customers
17843667,Yauvani Purohit,Bhubaneswar,31,1,101.28,2,Regular Customers
17929886,Oscar Parekh,Salem,82,2,1284.35,2,Regular Customers
17939362,Anjali Yogi,Noida,412,1,633.75,1,At Risk Customers
18035010,Vrishti Chakrabarti,Burhanpur,79,2,1698.5,2,Regular Customers
18082040,Jonathan Bir,Kochi,160,3,4260.79,3,Loyal Customers
18113428,Dominic Goda,Rajkot,329,4,3572.7,3,Loyal Customers
18140588,Orinder Malhotra,Jalna,305,2,1452.27,1,At Risk Customers
18170800,Anamika Sur,Mathura,532,1,1774.96,1,At Risk Customers
18199057,Xalak Sahni,Ratlam,12,2,660.24,2,Regular Customers
18229949,William Bora,Danapur,114,1,688.14,2,Regular Customers
18256339,Dalbir Dora,Mumbai,71,3,2807.34,3,Loyal Customers
18259715,Finn Chacko,Pudukkottai,69,4,3521.5,3,Loyal Customers
18326028,Lekha Bakshi,Ratlam,132,1,537.24,2,Regular Customers
18394558,Dipta Sarraf,Bareilly,96,2,2757.94,3,Loyal Customers
18465047,Patrick Chaudhry,Ghaziabad,28,4,8239.17,0,Premium Customers
18567760,Ethan Natarajan,Fatehpur,74,3,2590.7200000000003,3,Loyal Customers
18642306,Wazir Bahl,Tinsukia,30,3,4872.8,3,Loyal Customers
18791381,Avni Gera,Jamalpur,15,4,6209.4,0,Premium Customers
18889370,Mason Atwal,Sri Ganganagar,399,2,1258.5500000000002,1,At Risk Customers
18935489,Krishna Dugal,Tezpur,327,3,3037.88,3,Loyal Customers
18940384,Anita Sehgal,Sonipat,162,1,13.25,2,Regular Customers
18986315,Adweta Wason,Bidhannagar,130,1,46.62,2,Regular Customers
19067680,Rajata Mall,North Dumdum,283,3,4374.07,3,Loyal Customers
19080489,Reva Sha,Jalandhar,209,2,2242.87,2,Regular Customers
19091057,Kalpit Kohli,Kozhikode,204,3,1595.84,3,Loyal Customers
19145354,Shivani Deo,Rohtak,132,1,1783.2,2,Regular Customers
19179897,Tarak Nagi,Orai,86,1,122.1,2,Regular Customers
19180962,Osha Varghese,Kalyan-Dombivli,57,5,3783.09,0,Premium Customers
19182548,Laban Kulkarni,Bijapur,191,3,3429.38,3,Loyal Customers
19216141,Teerth Manda,Giridih,89,4,2796.19,3,Loyal Customers
19259955,Rehaan Borde,Nagpur,290,4,2790.94,3,Loyal Customers
19275474,Girik Hora,Lucknow,459,2,1575.31,1,At Risk Customers
19375332,Udarsh Rao,Jodhpur,37,2,2214.56,2,Regular Customers
19393135,Nathaniel Gokhale,Bidhannagar,147,1,160.07,2,Regular Customers
19400174,Urvi Grover,Saharanpur,492,1,831.1,1,At Risk Customers
19425804,Xavier Sahni,Jodhpur,151,2,2358.12,2,Regular Customers
19482392,Yachana Nath,Muzaffarnagar,39,4,6164.050000000001,0,Premium Customers
19523014,Neha Shroff,Ongole,12,3,1769.2,3,Loyal Customers
19523856,Aryan Sood,Thoothukudi,83,1,695.82,2,Regular Customers
19556566,Yashica Doctor,Tiruvottiyur,158,2,765.6600000000001,2,Regular Customers
19581959,Eesha Sahota,Ghaziabad,344,2,1029.79,1,At Risk Customers
19682060,Hamsini Swamy,Jehanabad,355,3,1469.17,1,At Risk Customers
19705695,Ayush Kala,Patiala,36,1,715.72,2,Regular Customers
19741509,Michael Vohra,Vellore,90,4,3426.57,3,Loyal Customers
19771128,Urvashi Bhandari,Vijayawada,503,1,890.96,1,At Risk Customers
20122449,Amaira Ahuja,Cuttack,117,1,1571.34,2,Regular Customers
20148223,Manbir Dua,Kamarhati,139,6,7858.639999999999,0,Premium Customers
20163931,Gautami Doshi,Kumbakonam,57,6,4671.12,0,Premium Customers
20209237,Anthony Ratti,Shimoga,347,2,2723.0800000000004,1,At Risk Customers
20238921,Shivani Kumer,Thiruvananthapuram,311,4,1972.39,3,Loyal Customers
20298398,Urvi Bali,Ahmednagar,88,5,8644.119999999999,0,Premium Customers
20310720,Samaksh Chaudhuri,Bhubaneswar,149,2,3652.32,3,Loyal Customers
20314691,Raksha Bhattacharyya,Salem,81,1,483.05,2,Regular Customers
20343501,Anthony Krishnamurthy,Sasaram,172,1,622.81,2,Regular Customers
20360447,Timothy Dubey,Akola,459,1,439.24,1,At Risk Customers
20469626,Tanish Ghose,Guntakal,206,1,1061.7,2,Regular Customers
20496835,Chandresh Panchal,Alwar,318,2,1192.36,1,At Risk Customers
20517871,Lavanya Natt,Imphal,576,1,2731.32,1,At Risk Customers
20625627,Hredhaan Prasad,Amritsar,515,2,1273.54,1,At Risk Customers
20634789,Aarnav Som,Chinsurah,255,3,3244.6800000000003,3,Loyal Customers
20689141,Maya Yohannan,Korba,449,2,851.5,1,At Risk Customers
20834589,Parth Madan,Giridih,8,3,5230.87,0,Premium Customers
20835909,Inaya Ramanathan,Tinsukia,368,1,671.68,1,At Risk Customers
20940403,Tanvi Kala,Dhule,285,3,2565.53,3,Loyal Customers
20951294,Sathvik Dhar,Anantapur,412,1,22.04,1,At Risk Customers
20956158,Kashish Misra,Kavali,215,6,7396.76,0,Premium Customers
21201299,Ladli Hegde,Unnao,174,4,3238.76,3,Loyal Customers
21270783,Aarna Vig,Bhavnagar,106,1,1249.9499999999998,2,Regular Customers
21282544,Warda Basak,Jaunpur,379,3,4712.64,3,Loyal Customers
21409946,Ayushman Agrawal,Bhilwara,31,3,2110.87,3,Loyal Customers
21425168,Gavin Panchal,Aligarh,430,3,2670.9300000000003,1,At Risk Customers
21432404,Darika Sharaf,Kalyan-Dombivli,418,1,339.76,1,At Risk Customers
21456226,Indrajit Mitra,Adoni,559,1,864.3,1,At Risk Customers
21461764,Nandini Bassi,Singrauli,129,4,1871.94,3,Loyal Customers
21481338,Rajata Upadhyay,Tirunelveli,23,2,3294.48,3,Loyal Customers
21573815,Urvashi Dalal,Allahabad,118,5,4078.75,0,Premium Customers
21577948,Madhav Johal,Ahmednagar,512,3,1867.1,1,At Risk Customers
21597477,Mugdha Chaudhuri,Bhopal,152,4,4704.63,0,Premium Customers
21658322,Balhaar Balasubramanian,Maheshtala,269,5,2932.52,3,Loyal Customers
21677923,Lipika Mukhopadhyay,Kakinada,153,3,1881.23,3,Loyal Customers
21697638,Hredhaan Bhagat,Sirsa,332,4,1415.02,3,Loyal Customers
21701991,Wazir Hari,Allahabad,62,7,7437.17,0,Premium Customers
21779155,Udant Upadhyay,Guntur,562,1,1597.71,1,At Risk Customers
21784094,Lakshit Rai,Bareilly,294,1,906.54,1,At Risk Customers
21786873,Balhaar Ramesh,Lucknow,125,2,1357.8,2,Regular Customers
21809858,Ekansh Seshadri,Bihar Sharif,7,2,1998.95,2,Regular Customers
21866852,Ojas Morar,Guwahati,209,2,598.51,2,Regular Customers
21948041,Oni Amble,Bhavnagar,109,3,2712.16,3,Loyal Customers
22020776,Manan Banerjee,Bhiwandi,40,1,422.5,2,Regular Customers
22036818,Yatan Yogi,Hindupur,386,2,2245.24,1,At Risk Customers
22047134,Ubika Shukla,Warangal,54,3,2856.05,3,Loyal Customers
22054087,Peter Buch,Miryalaguda,240,3,3786.97,3,Loyal Customers
22076522,Chaaya Andra,Hindupur,49,4,1954.45,3,Loyal Customers
22077605,Megha Sachar,Aligarh,243,2,3732.18,3,Loyal Customers
22081691,Yagnesh Bora,Satara,155,3,3263.34,3,Loyal Customers
22112867,Sanaya Chakrabarti,Bangalore,277,3,1501.3200000000002,3,Loyal Customers
22133362,Samesh Dixit,Anantapuram,86,2,3364.11,3,Loyal Customers
22161071,Arunima Deol,Jalna,425,1,941.19,1,At Risk Customers
22210238,Rayaan Krishna,Muzaffarnagar,172,6,5683.200000000001,0,Premium Customers
22227829,Rehaan Patla,Bhiwani,213,2,1582.66,2,Regular Customers
22293666,Gopal Kumar,Saharsa,110,2,2091.6000000000004,2,Regular Customers
22321208,Pratyush Bedi,Ballia,440,4,5382.18,0,Premium Customers
22358567,Zansi Chakraborty,Faridabad,15,2,3939.54,3,Loyal Customers
22483684,Gautami Dar,Kirari Suleman Nagar,14,3,2959.74,3,Loyal Customers
22524981,Samar Sengupta,South Dumdum,321,1,791.0999999999999,1,At Risk Customers
22571994,Lakshit Bassi,Bihar Sharif,600,1,1892.52,1,At Risk Customers
22613559,Omya Johal,Berhampur,470,1,118.95,1,At Risk Customers
22694456,Eesha Saha,Nashik,26,5,5803.74,0,Premium Customers
22738465,Gabriel Oak,Narasaraopet,70,3,1578.63,3,Loyal Customers
22800586,Jacob Lad,Bijapur,244,4,9237.24,0,Premium Customers
22822088,Baghyawati Wadhwa,Amravati,8,1,979.26,2,Regular Customers
22846435,Jackson Shenoy,Tezpur,46,1,820.9,2,Regular Customers
22851478,Vamakshi Bhardwaj,Varanasi,304,2,2325.130000000001,1,At Risk Customers
22915611,Rishi Minhas,Karaikudi,527,3,3523.43,1,At Risk Customers
22931642,Lajita Ghosh,Ambala,454,1,390.03,1,At Risk Customers
22974816,Ekantika Muni,Bhusawal,410,1,432.0,1,At Risk Customers
23081177,Harinakshi Batta,Panchkula,206,2,3490.65,3,Loyal Customers
23098216,Ladli Chhabra,Mahbubnagar,39,1,998.52,2,Regular Customers
23126356,Oliver Kaur,Bhopal,175,3,683.22,2,Regular Customers
23126657,Ekiya Sekhon,Bahraich,444,2,1763.79,1,At Risk Customers
23286884,Vedika Kaur,Serampore,242,2,805.44,2,Regular Customers
23348269,Rudra Dutta,Ahmednagar,151,5,4033.43,0,Premium Customers
23380116,Neelima Mody,Jehanabad,8,3,882.11,2,Regular Customers
23448955,Pranit Gade,Raebareli,297,1,282.56,1,At Risk Customers
23567263,Yatan Sem,Chinsurah,91,1,2776.95,2,Regular Customers
23676689,Jagat Dhar,Orai,441,3,1335.54,1,At Risk Customers
23755474,Jhalak Rajagopal,Jodhpur,554,1,864.0,1,At Risk Customers
23794330,Nisha Amble,Machilipatnam,147,3,2789.2200000000003,3,Loyal Customers
23844919,Jagvi Bhatt,Bhagalpur,96,2,2050.73,2,Regular Customers
23961725,Zayyan Buch,Bhiwandi,328,1,1112.7,1,At Risk Customers
23976957,Ryan Sawhney,Visakhapatnam,185,1,440.19,2,Regular Customers
23982977,Charita Rama,Salem,139,2,2717.0,3,Loyal Customers
23984022,Liam Gupta,Nagaon,47,2,3266.64,3,Loyal Customers
23996221,Jackson Issac,Ramagundam,457,1,1124.04,1,At Risk Customers
24000329,Aarush Dey,Gulbarga,348,1,836.96,1,At Risk Customers
24043135,Edhitha Bassi,Bijapur,100,3,2050.88,3,Loyal Customers
24104630,Jonathan Deo,Jaipur,79,2,3661.78,3,Loyal Customers
24137201,Jyoti Grewal,Haridwar,117,3,4966.75,3,Loyal Customers
24144240,Charles Parsa,Tezpur,105,5,5081.389999999999,0,Premium Customers
24153726,Azad Sachdev,Orai,158,3,5326.97,0,Premium Customers
24308515,Thomas Walia,Panchkula,107,3,6533.429999999999,0,Premium Customers
24323106,Faras Edwin,Amaravati,206,2,2770.42,3,Loyal Customers
24337950,Ishwar Chakraborty,Haridwar,142,3,3359.6900000000005,3,Loyal Customers
24357425,Wriddhish Munshi,Farrukhabad,103,2,4302.15,3,Loyal Customers
24456825,Vansha Khurana,Indore,366,2,2190.21,1,At Risk Customers
24496983,Vasana Sen,Kamarhati,472,2,2576.43,1,At Risk Customers
24517523,Mohini Pillai,Tirunelveli,129,1,2746.3500000000004,2,Regular Customers
24621386,Maanav Raghavan,Rajahmundry,129,4,3036.06,3,Loyal Customers
24633671,Manan Buch,Karnal,248,2,2068.9,2,Regular Customers
24644542,Harish Mahajan,Tirupati,94,3,2575.65,3,Loyal Customers
24745800,Isaac Mutti,New Delhi,265,1,1571.34,2,Regular Customers
24821281,Onveer Kanda,Khora ,137,4,3315.99,3,Loyal Customers
24845814,Harshil Shukla,Raipur,342,2,1399.76,1,At Risk Customers
24896263,Nachiket Prasad,Amroha,337,1,288.38,1,At Risk Customers
24988999,Yashawini Goyal,Raiganj,595,1,1380.16,1,At Risk Customers
25081012,Mohammed Oak,Baranagar,436,2,946.75,1,At Risk Customers
25128143,Odika Kannan,Mahbubnagar,283,7,10533.39,0,Premium Customers
25221501,Pratyush De,Orai,22,2,1208.54,2,Regular Customers
25287111,Lakshmi Ratti,Thane,200,1,1728.66,2,Regular Customers
25294147,Daksh Guha,Amritsar,290,1,132.27,1,At Risk Customers
25447967,Udyati Sani,Rajkot,304,1,1202.76,1,At Risk Customers
25526479,Mason Doctor,Hazaribagh,574,1,2776.95,1,At Risk Customers
25585013,Ishita Amble,Vasai-Virar,285,3,1306.49,3,Loyal Customers
25587553,Nakul Venkatesh,Imphal,259,3,3583.2700000000004,3,Loyal Customers
25595836,Sathvik Prabhakar,Orai,56,2,2929.24,3,Loyal Customers
25641500,Harshil Vaidya,Sultan Pur Majra,115,3,2977.4800000000005,3,Loyal Customers
25659794,Rajeshri Radhakrishnan,Buxar,317,1,738.74,1,At Risk Customers
25665997,Barkha Sodhi,Muzaffarnagar,118,1,129.14999999999998,2,Regular Customers
25706121,Baghyawati Toor,Srinagar,487,2,923.45,1,At Risk Customers
25713335,Ojas Sridhar,Chennai,73,2,1294.63,2,Regular Customers
25722990,Nidra Radhakrishnan,Pallavaram,14,4,2791.37,3,Loyal Customers
25770577,Janya Chhabra,Jaipur,223,3,2197.63,3,Loyal Customers
25795941,Urishilla Dhillon,Bhalswa Jahangir Pur,418,1,80.25,1,At Risk Customers
25829710,Saumya Chhabra,Faridabad,65,4,4667.41,0,Premium Customers
25850478,Jeevika Taneja,Danapur,7,1,79.3,2,Regular Customers
25915909,Gaurangi Singh,Bhimavaram,91,1,88.18,2,Regular Customers
25977417,Lohit Sengupta,Berhampore,335,2,2247.56,1,At Risk Customers
26040510,Jasmit Barad,Kadapa,346,3,3599.39,3,Loyal Customers
26199489,Aarna Gola,Serampore,508,2,1194.35,1,At Risk Customers
26227445,Krishna Warrior,Ghaziabad,194,1,404.07,2,Regular Customers
26245432,Darika Konda,Tirupati,305,2,2094.4,1,At Risk Customers
26250082,Om Bora,Arrah,183,1,697.53,2,Regular Customers
26285589,Bakhshi De,Yamunanagar,43,7,8418.36,0,Premium Customers
26303194,Janaki Parsa,Pali,17,4,1857.3,3,Loyal Customers
26364643,Zehaan Keer,Morena,37,1,394.78,2,Regular Customers
26412689,Yadavi Rastogi,Bahraich,49,1,386.92,2,Regular Customers
26432512,Warhi Iyer,Khora ,496,1,2215.38,1,At Risk Customers
26521850,Yatin Varma,Kishanganj,68,2,2283.26,2,Regular Customers
26592009,Michael Dhingra,Adoni,135,1,1656.6,2,Regular Customers
26716400,Yamini Dey,Morena,64,2,728.3000000000001,2,Regular Customers
26752630,Nakul Gade,Delhi,325,3,1222.37,1,At Risk Customers
26805477,Xavier Hans,Sambhal,185,1,836.96,2,Regular Customers
26844216,Yochana Babu,Pali,54,5,4831.98,0,Premium Customers
26863280,Aryan Dewan,Rajkot,94,2,1651.1799999999998,2,Regular Customers
26903313,Chandresh Sandal,Bhimavaram,164,2,1159.89,2,Regular Customers
26912171,Jagat Banerjee,Rampur,82,2,2087.06,2,Regular Customers
26935187,Tanveer Yogi,Chandrapur,469,2,3263.45,1,At Risk Customers
26936578,Lavanya Bawa,Maheshtala,469,1,192.18,1,At Risk Customers
27049432,Mitali Shankar,Nagaon,326,2,2674.5,1,At Risk Customers
27304727,Farhan Patel,Tiruvottiyur,364,1,2794.83,1,At Risk Customers
27304827,Arjun Bhardwaj,Coimbatore,142,3,2739.86,3,Loyal Customers
27336589,Bishakha Bhargava,Ghaziabad,122,3,4294.32,3,Loyal Customers
27381533,Zayan Guha,Rampur,396,1,1395.06,1,At Risk Customers
27416314,Anika Hari,Kanpur,564,1,951.43,1,At Risk Customers
27504517,Rayaan Gupta,Bardhaman,167,3,2552.67,3,Loyal Customers
27513158,Dev Taneja,Aizawl,308,3,2792.26,3,Loyal Customers
27604184,Tripti Nadig,Nandyal,85,5,1939.79,3,Loyal Customers
27620326,Chasmum Sahni,Tezpur,281,2,1360.36,1,At Risk Customers
27692428,Warjas Tara,Chennai,25,2,295.3,2,Regular Customers
27694927,Vedant Chandra,Nagpur,356,1,181.12,1,At Risk Customers
27698051,Mitesh Savant,Gandhinagar,16,4,2772.78,3,Loyal Customers
27709218,Ryan Dhingra,Dindigul,75,4,6703.75,0,Premium Customers
27727819,Lavanya Bhasin,Nagercoil,415,2,1524.96,1,At Risk Customers
27746432,Eesha Rajagopal,Bangalore,450,1,1061.7,1,At Risk Customers
27824078,Caleb Ramakrishnan,Jalna,131,1,801.84,2,Regular Customers
27878182,Qabil Lata,Thoothukudi,11,2,1105.18,2,Regular Customers
27955158,Abeer Kamdar,Shivpuri,561,1,509.64,1,At Risk Customers
27971619,Wriddhish Anne,Mirzapur,162,2,1054.07,2,Regular Customers
28111842,Charles Kannan,Tirunelveli,145,2,715.99,2,Regular Customers
28173165,Gayathri Padmanabhan,Srikakulam,566,1,197.39,1,At Risk Customers
28205701,Vedika D’Alia,Panvel,99,2,2638.74,3,Loyal Customers
28221067,Ekansh Tandon,Agra,208,1,2360.55,2,Regular Customers
28277304,Chaitanya Mann,Haridwar,75,1,712.86,2,Regular Customers
28280172,Gaurang Dutta,Amravati,45,1,1232.9,2,Regular Customers
28286754,Bina Setty,Singrauli,200,3,1132.09,3,Loyal Customers
28289030,Sarthak Parmar,Dehri,385,1,2607.66,1,At Risk Customers
28350645,Alka Srinivasan,Ratlam,182,2,1916.35,2,Regular Customers
28394354,Yatin Mohanty,Kumbakonam,172,3,6585.24,0,Premium Customers
28413467,Leena Mane,Kolhapur,161,1,499.26,2,Regular Customers
28428852,Libni Dada,Mira-Bhayandar,177,3,2180.01,3,Loyal Customers
28458746,Dalaja Borde,Bulandshahr,318,2,757.3,1,At Risk Customers
28499191,Amara Patel,Thoothukudi,146,2,1236.93,2,Regular Customers
28603182,Karan Narayan,South Dumdum,133,2,830.71,2,Regular Customers
28663279,Sai Bhatia,Jamnagar,170,5,4817.49,0,Premium Customers
28876580,Udant Doshi,North Dumdum,91,1,2476.38,2,Regular Customers
28991365,Avi Menon,Jamnagar,20,2,641.86,2,Regular Customers
28995786,Vanya Swamy,Bardhaman,140,3,2508.87,3,Loyal Customers
29095552,Gunbir Vala,Amritsar,120,4,2962.39,3,Loyal Customers
29265216,Samuel Buch,Bidar,443,1,1296.0,1,At Risk Customers
29272253,Brijesh Nadkarni,Kolhapur,43,4,4149.99,0,Premium Customers
29324437,Radhika Bains,Nanded,256,4,2818.02,3,Loyal Customers
29361038,Idika Gade,Aurangabad,236,1,254.32,2,Regular Customers
29415527,Abha Behl,Pudukkottai,144,3,963.44,3,Loyal Customers
29431960,Jagdish Manda,Etawah,446,1,489.09,1,At Risk Customers
29451600,Max Shankar,Amritsar,20,4,2992.0,3,Loyal Customers
29525287,Theodore Dhar,Bhimavaram,15,3,2420.35,3,Loyal Customers
29562072,Edhitha Ranganathan,Hindupur,3,4,6386.57,0,Premium Customers
29562254,Devansh Murty,Jaunpur,46,4,3935.5,0,Premium Customers
29584848,Lucky Chada,Dehri,109,4,8245.77,0,Premium Customers
29600229,Tamanna Borde,Gulbarga,290,1,799.46,1,At Risk Customers
29653387,Aradhana Rout,Malda,23,3,763.03,2,Regular Customers
29664214,Vrishti Chopra,Chennai,425,1,305.1,1,At Risk Customers
29689766,Pallavi Kala,Tenali,201,4,5989.31,0,Premium Customers
29858395,Patrick Rout,Hospet,348,1,1247.25,1,At Risk Customers
29902416,Falak Choudhry,Tenali,179,3,1523.81,3,Loyal Customers
29941225,Oviya Bhandari,Chapra,590,1,145.64999999999998,1,At Risk Customers
29973346,Pranit Sane,Sambhal,96,5,5906.52,0,Premium Customers
30029998,Ishwar Edwin,Hazaribagh,416,1,490.65,1,At Risk Customers
30042971,Garima Morar,Rewa,35,2,2721.12,3,Loyal Customers
30065862,Urishilla Hegde,Allahabad,41,3,5115.15,0,Premium Customers
30188374,Naveen Chakrabarti,Haldia,165,4,4668.719999999999,0,Premium Customers
30192942,Darika Raj,Jodhpur,88,3,790.59,2,Regular Customers
30265929,Nandini Brahmbhatt,Nizamabad,178,1,381.24,2,Regular Customers
30285217,Isha Sahni,Parbhani,393,3,4159.87,3,Loyal Customers
30317733,Janani Sawhney,Durgapur,12,5,5136.700000000001,0,Premium Customers
30367559,Bhavna Guha,Aligarh,58,1,117.18,2,Regular Customers
30373140,Sai Dhingra,Kishanganj,320,3,3040.07,3,Loyal Customers
30447453,Jagrati Lad,Thanjavur,105,4,4354.75,0,Premium Customers
30455484,Lajita Ravel,Katni,151,3,1802.36,3,Loyal Customers
30468930,Nirja Manda,Gandhinagar,471,1,551.28,1,At Risk Customers
30643619,Ethan Nagi,Shimla,74,3,3019.13,3,Loyal Customers
30755306,Divya Kakar,Bhilwara,173,1,1317.72,2,Regular Customers
30788486,Vrishti Mittal,Bhimavaram,172,2,259.93,2,Regular Customers
30823988,Owen Sangha,Deoghar,27,6,7225.96,0,Premium Customers
30891209,Azaan Bora,Gudivada,212,1,594.45,2,Regular Customers
30979436,Diya Chaudry,Ozhukarai,23,2,1985.52,2,Regular Customers
31000129,Lohit Kaur,Raichur,105,2,856.87,2,Regular Customers
31026200,Saksham Garg,Kavali,43,3,4112.29,3,Loyal Customers
31076002,Urvi Wali,Tinsukia,68,3,1630.52,3,Loyal Customers
31084686,Jai Ramaswamy,Aurangabad,48,2,2196.33,2,Regular Customers
31156674,Aarav Jaggi,Jamnagar,119,4,4118.89,0,Premium Customers
31233120,Veer Krish,Lucknow,60,2,552.79,2,Regular Customers
31324823,Utkarsh Biswas,Fatehpur,124,2,3788.47,3,Loyal Customers
31328762,Vanya Sanghvi,Durg,320,2,740.1,1,At Risk Customers
31371112,Osha Chad,Darbhanga,186,2,1305.28,2,Regular Customers
31384626,Tanay Desai,Nangloi Jat,462,1,831.43,1,At Risk Customers
31389750,Advika Bala,Karaikudi,365,2,2293.58,1,At Risk Customers
31410886,Ayush Manda,Sasaram,223,1,288.38,2,Regular Customers
31456752,Henry Borah,Thanjavur,207,5,4166.74,0,Premium Customers
31527100,Triya Tailor,Ratlam,513,1,309.62,1,At Risk Customers
31537100,Rajata Sampath,Kozhikode,165,2,2771.78,3,Loyal Customers
31576845,Chasmum Raman,Madurai,252,3,3790.91,3,Loyal Customers
31582950,Bhavya Khalsa,Jhansi,113,3,2406.07,3,Loyal Customers
31619915,Joshua Trivedi,Gandhinagar,322,1,1531.52,1,At Risk Customers
31622158,Omya Modi,Kolhapur,106,1,975.24,2,Regular Customers
31681710,Udant Prabhakar,Panchkula,161,4,2283.98,3,Loyal Customers
31718565,Andrew Wable,Durgapur,186,3,5768.219999999999,0,Premium Customers
31776996,Bhavya Shankar,Madanapalle,204,4,1850.19,3,Loyal Customers
31831843,Aarini Bir,Machilipatnam,365,2,3816.7,1,At Risk Customers
31846190,Charan Choudhary,Kolkata,128,2,869.8199999999999,2,Regular Customers
31923338,Ishwar Goyal,Yamunanagar,55,2,1898.56,2,Regular Customers
31940833,Urmi Amble,Karawal Nagar,252,6,5652.22,0,Premium Customers
31978160,Kiaan Khare,Saharanpur,210,1,215.65,2,Regular Customers
31981068,Hemang Sarkar,Shivpuri,76,1,205.47,2,Regular Customers
32003512,Advaith Sarkar,Sasaram,93,2,2883.21,3,Loyal Customers
32006907,Mohammed Din,Guwahati,28,1,1112.7,2,Regular Customers
32019725,Tarak Rout,Panchkula,66,3,3110.45,3,Loyal Customers
32054313,Jai Char,Raurkela Industrial Township,20,4,3551.33,3,Loyal Customers
32203588,Krish Srinivas,Berhampur,12,2,414.47,2,Regular Customers
32293017,Samarth Kapoor,Gudivada,102,5,2855.2000000000003,0,Premium Customers
32426778,Falguni Kapadia,Naihati,56,1,81.4,2,Regular Customers
32500305,Ridhi Khatri,Orai,271,2,1841.7,2,Regular Customers
32527479,Nidhi Varkey,Jorhat,85,4,3245.76,3,Loyal Customers
32540616,Jairaj Sehgal,Nellore,303,1,856.89,1,At Risk Customers
32564478,Ekbal Dubey,Kishanganj,107,1,877.98,2,Regular Customers
32585389,Abhimanyu Sachdeva,Howrah,114,2,874.78,2,Regular Customers
32595806,Radha Bhardwaj,Chandigarh,299,1,1405.08,1,At Risk Customers
32635818,Panini Natt,Loni,42,2,2506.29,2,Regular Customers
32656885,Xiti Sane,Durgapur,124,1,101.28,2,Regular Customers
32797235,Shravya Chandran,Guntakal,11,4,3862.67,0,Premium Customers
32809328,Oeshi Raghavan,Chittoor,93,2,2352.0000000000005,2,Regular Customers
32830199,Abhimanyu Suri,Aizawl,7,4,4147.93,0,Premium Customers
32868927,Anjali Lala,Karimnagar,103,1,963.26,2,Regular Customers
32929817,Vedika Devi,Muzaffarpur,71,2,3303.48,3,Loyal Customers
32987624,Dalaja Arora,Jabalpur,55,4,4953.73,0,Premium Customers
33034249,Lavanya Hari,Bhind,404,2,3385.84,1,At Risk Customers
33280073,Yuvraj Lad,Tadepalligudem,445,1,240.75,1,At Risk Customers
33295496,Imaran Chaudry,Haldia,41,1,2026.38,2,Regular Customers
33331259,Leena Deol,Saharsa,147,4,9403.77,0,Premium Customers
33370343,Yachana Bava,Ratlam,464,1,1061.7,1,At Risk Customers
33472376,Krisha Misra,Bardhaman,76,2,207.13,2,Regular Customers
33481252,Ishaan Naidu,Noida,463,4,4302.53,3,Loyal Customers
33544355,Aarnav Nayak,Sri Ganganagar,311,2,1915.94,1,At Risk Customers
33608451,Lohit Dugar,Madurai,508,1,1774.96,1,At Risk Customers
33617546,Harrison Edwin,Bhopal,58,1,321.28,2,Regular Customers
33651554,Madhav Sridhar,Saharsa,38,2,1395.41,2,Regular Customers
33658749,Anjali Varty,Ahmednagar,262,2,2358.19,3,Loyal Customers
33675108,Yagnesh Patel,Jalgaon,23,4,2421.18,3,Loyal Customers
33685414,Nidhi Swaminathan,Miryalaguda,402,2,3827.78,1,At Risk Customers
33706378,Michael Dugar,Mehsana,189,2,2976.65,3,Loyal Customers
33741801,Girindra Nadig,Ratlam,20,3,3327.34,3,Loyal Customers
33871107,Aarav Rout,Thiruvananthapuram,156,3,1931.3,3,Loyal Customers
33998721,Aahana Naik,Bhilai,135,1,2297.28,2,Regular Customers
34074184,Nakul Din,Bangalore,324,1,378.94,1,At Risk Customers
34095555,Charan Misra,Raiganj,281,4,5881.87,0,Premium Customers
34156884,Rachita Lal,Kolkata,427,2,3092.97,1,At Risk Customers
34237583,Ishwar Chand,Hapur,81,3,2279.25,3,Loyal Customers
34281470,Yash Johal,Kharagpur,142,3,2818.78,3,Loyal Customers
34381941,Oeshi Thaman,Malegaon,432,1,1323.6,1,At Risk Customers
34425723,Vasatika Saini,Saharanpur,101,1,671.68,2,Regular Customers
34526442,Harita Chatterjee,Raipur,18,1,68.49,2,Regular Customers
34526570,Falak Edwin,Mysore,394,2,469.47,1,At Risk Customers
34567918,Meghana Ranganathan,Latur,2,3,3117.2000000000003,3,Loyal Customers
34580200,Unni Dara,Bally,543,1,976.55,1,At Risk Customers
34588087,Tanmayi Vyas,Shimla,376,2,2730.48,1,At Risk Customers
34655710,Abeer Ravel,Katihar,94,3,2158.55,3,Loyal Customers
34668988,Wishi Varughese,Nagpur,39,4,9160.73,0,Premium Customers
34697768,Omaja Oak,Aurangabad,530,1,1562.16,1,At Risk Customers
34713143,Ganga Sabharwal,Jehanabad,429,1,316.02,1,At Risk Customers
34755436,Jatin Ramachandran,Kolkata,162,3,3626.28,3,Loyal Customers
34761418,Nitesh De,Bhilwara,398,1,261.9,1,At Risk Customers
34768050,Ekalinga Dixit,Dhanbad,187,2,1208.93,2,Regular Customers
34787383,Ekbal Talwar,Anantapur,116,4,4183.19,0,Premium Customers
34835738,Vrinda Mutti,Jalna,89,3,2447.9,3,Loyal Customers
34839913,Gaurika Dayal,Belgaum,117,3,2394.24,3,Loyal Customers
34853377,William Dutta,Nanded,79,3,1526.72,3,Loyal Customers
34897081,Kamala Dasgupta,Shahjahanpur,156,2,1474.61,2,Regular Customers
35049420,Udarsh Mangal,Madanapalle,120,1,622.81,2,Regular Customers
35133191,Ojasvi Sha,Loni,235,1,675.63,2,Regular Customers
35144658,Tristan Gulati,Bilaspur,483,1,397.55,1,At Risk Customers
35156679,Chakradev Verma,Etawah,145,3,2481.41,3,Loyal Customers
35237846,Bakhshi Varkey,Guna,170,1,247.48,2,Regular Customers
35278126,Harinakshi Arya,Tumkur,470,2,2301.38,1,At Risk Customers
35302195,Garima Chahal,Maheshtala,56,2,839.02,2,Regular Customers
35349582,Raksha Kalla,Bhilai,116,2,2083.53,2,Regular Customers
35358395,Hiral Kumar,Dindigul,91,3,1354.82,3,Loyal Customers
35402531,Eta Gola,Kulti,67,2,2087.2200000000003,2,Regular Customers
35434373,Pushti Pandya,Aurangabad,317,3,2282.17,3,Loyal Customers
35435896,Abhiram Tiwari,Dehradun,196,1,254.32,2,Regular Customers
35455991,Aryan Balakrishnan,Tezpur,402,2,478.99,1,At Risk Customers
35459748,Ekbal Dasgupta,Firozabad,17,3,2385.75,3,Loyal Customers
35554129,Darika Natarajan,Alappuzha,90,2,2222.28,2,Regular Customers
35690581,Sachi Jani,Gorakhpur,213,2,288.99,2,Regular Customers
35705377,Wahab Bobal,Tumkur,268,3,6606.06,0,Premium Customers
35782051,Ekiya Mital,Mango,36,2,1164.08,2,Regular Customers
35812567,Xalak Sood,Bikaner,253,1,1648.41,2,Regular Customers
35826539,Widisha Kapur,Deoghar,409,3,2127.4,1,At Risk Customers
35885052,Aadhya Ravi,Bhiwandi,41,2,2079.38,2,Regular Customers
35912599,Neha Atwal,Bilaspur,29,4,4354.87,0,Premium Customers
35988028,Tejas Char,Naihati,283,4,1641.35,3,Loyal Customers
36142455,Rushil Walla,Katni,45,3,4013.230000000001,3,Loyal Customers
36146306,Aryan Ghose,Pallavaram,40,3,2388.54,3,Loyal Customers
36400756,Rayaan Nayak,Bidar,131,3,1836.94,3,Loyal Customers
36428139,Hemani Ben,Nagaon,596,2,1190.43,1,At Risk Customers
36462363,Samaksh Mandal,Dhanbad,305,1,422.5,1,At Risk Customers
36517334,Ria Dua,Naihati,315,2,978.97,1,At Risk Customers
36578947,Ekansh Madan,Ranchi,4,2,1681.77,2,Regular Customers
36587003,Amaira Nagi,Tumkur,494,1,288.27,1,At Risk Customers
36675827,Xiti Chowdhury,Patiala,215,2,1253.99,2,Regular Customers
36737539,Leena Naidu,Gwalior,185,4,4410.29,0,Premium Customers
36774480,Ria Jha,Gandhidham,142,2,2254.3500000000004,2,Regular Customers
36833857,Omya Banik,Silchar,51,4,4398.13,0,Premium Customers
36885115,Agastya Contractor,Latur,476,1,211.25,1,At Risk Customers
36998375,Yatin Mammen,Tirupati,147,2,3374.21,3,Loyal Customers
37054866,Avi Sodhi,Guntur,153,1,426.72,2,Regular Customers
37095171,Ira Soni,Guna,48,3,4050.68,3,Loyal Customers
37227953,Madhav Raghavan,Pune,4,1,260.02,2,Regular Customers
37245065,Ishani Dhillon,Dibrugarh,56,2,2224.73,2,Regular Customers
37288781,Kritika Narayan,Tadepalligudem,277,1,43.05,1,At Risk Customers
37309023,Dominic Dutt,Guntur,17,3,4428.01,3,Loyal Customers
37362180,Praneel Mangat,Visakhapatnam,220,2,821.1700000000001,2,Regular Customers
37551429,Diya Chand,Khandwa,156,2,2305.02,2,Regular Customers
37556526,Anjali Varkey,Farrukhabad,207,4,4372.59,0,Premium Customers
37633848,Samuel Banerjee,Kharagpur,313,1,910.44,1,At Risk Customers
37691544,Onkar Devan,Darbhanga,54,4,6087.150000000001,0,Premium Customers
37702698,Joshua Bajaj,Bareilly,172,2,2887.69,3,Loyal Customers
37759707,Jhalak Venkataraman,Sultan Pur Majra,17,3,4278.08,3,Loyal Customers
37802267,Lipika Jha,Orai,385,1,2026.38,1,At Risk Customers
37904682,Krisha Shere,Bhimavaram,517,1,1343.1,1,At Risk Customers
37915052,Ayush Kade,Jalna,438,1,244.05,1,At Risk Customers
37926207,Pahal Chaudhary,Eluru,344,1,936.98,1,At Risk Customers
37947202,Eta Srinivasan,Nandyal,244,5,8869.869999999999,0,Premium Customers
38133873,Rehaan Borde,Khammam,123,2,3018.28,3,Loyal Customers
38244021,Samaksh Oza,Chapra,225,1,326.06,2,Regular Customers
38327793,Yug Brar,Nandyal,167,2,601.6800000000001,2,Regular Customers
38420886,Nidra Date,Sonipat,70,6,6206.360000000001,0,Premium Customers
38478423,Theodore Doctor,Nellore,130,2,2377.4100000000003,2,Regular Customers
38496400,Dhruv Bakshi,Bathinda,10,2,2452.33,2,Regular Customers
38568692,Guneet Ahluwalia,Silchar,357,1,709.04,1,At Risk Customers
38613295,Sai Panchal,Vadodara,254,1,1458.84,2,Regular Customers
38613642,Ishani Pandya,Erode,187,3,1449.0,3,Loyal Customers
38615653,Xiti Sachdeva,Motihari,11,2,1102.49,2,Regular Customers
38671747,Falan Acharya,Rajahmundry,358,2,2117.82,1,At Risk Customers
38694209,Harinakshi Patla,Uluberia,402,1,1879.1,1,At Risk Customers
38709137,Neha Gade,Mau,294,1,878.48,1,At Risk Customers
38728779,Reva Sem,Bulandshahr,251,2,3504.2300000000005,3,Loyal Customers
38780509,Ira Guha,Ongole,24,1,697.53,2,Regular Customers
38808614,Xavier Shetty,Vijayanagaram,273,2,1609.12,2,Regular Customers
38875754,Yash Mitter,Ambattur,153,4,4730.35,0,Premium Customers
38902193,Yutika Sandhu,Bellary,217,4,5495.04,0,Premium Customers
38902882,Ria Dugar,Firozabad,65,3,3952.400000000001,3,Loyal Customers
38969732,Manthan Chana,Pune,44,4,1708.9,3,Loyal Customers
39042103,Maanav Gupta,Bareilly,100,3,6498.75,0,Premium Customers
39093069,Mahika Issac,Rajkot,95,3,3155.65,3,Loyal Customers
39140039,Upasna Naidu,Madhyamgram,82,2,875.74,2,Regular Customers
39150258,Dalaja Choudhury,Gandhinagar,12,1,374.68,2,Regular Customers
39153585,Rishi Sur,Tirunelveli,100,3,3222.99,3,Loyal Customers
39301587,Kritika Chaudhuri,Bongaigaon,157,1,291.12,2,Regular Customers
39317905,Gagan Garg,Hazaribagh,117,2,2562.91,3,Loyal Customers
39418109,Yahvi Kala,Navi Mumbai,177,2,1194.84,2,Regular Customers
39423691,Lucky Goel,Chandrapur,376,1,97.04,1,At Risk Customers
39645619,Indira Jaggi,Maheshtala,152,1,343.56,2,Regular Customers
39674723,Advika Keer,Bettiah,175,3,803.56,2,Regular Customers
39717448,Om Korpal,Jorhat,157,2,997.75,2,Regular Customers
39957741,Siddharth Sibal,Bellary,61,2,236.09,2,Regular Customers
39959491,Damini Gandhi,Purnia,43,1,1973.4,2,Regular Customers
39976965,Dayamai Sawhney,Pimpri-Chinchwad,140,2,1291.02,2,Regular Customers
39999278,Chandresh Khare,Baranagar,374,1,795.1,1,At Risk Customers
40055711,Yug Mander,Rampur,146,3,4774.37,3,Loyal Customers
40085705,Anirudh Deshpande,Kishanganj,286,2,2355.13,1,At Risk Customers
40117357,Jai Murty,Imphal,120,1,878.07,2,Regular Customers
40192266,Vasana Dhar,Bhopal,256,3,2647.52,3,Loyal Customers
40256341,Sachi Keer,Mira-Bhayandar,278,1,432.39,1,At Risk Customers
40275138,Eiravati Thaker,Bathinda,22,3,2449.63,3,Loyal Customers
40277444,Damyanti Acharya,Panihati,185,3,2117.9800000000005,3,Loyal Customers
40305293,Tejas Parmer,Bhatpara,148,3,2078.25,3,Loyal Customers
40387944,Chavvi Gill,Parbhani,251,2,3412.76,3,Loyal Customers
40392019,Yashvi Sur,Eluru,274,4,3734.64,3,Loyal Customers
40419593,Siya Pandit,Dibrugarh,32,1,166.42,2,Regular Customers
40434527,Liam Nigam,Vellore,187,2,2321.92,2,Regular Customers
40563029,Chandani Rege,Chandigarh,560,2,2888.9,1,At Risk Customers
40587811,Jeevika Rajagopalan,Adoni,4,3,3851.09,3,Loyal Customers
40593638,Wridesh Ratti,Purnia,199,2,3221.35,3,Loyal Customers
40626729,Rachit Toor,Tinsukia,21,1,726.41,2,Regular Customers
40643232,Falguni Chand,Salem,160,2,3150.29,3,Loyal Customers
40667183,Yatin Setty,Bidar,48,1,2633.94,2,Regular Customers
40692378,Chatresh Rastogi,Jabalpur,515,1,58.59,1,At Risk Customers
40703374,Wriddhish Ramachandran,Nandyal,365,4,7239.780000000001,0,Premium Customers
40727086,Osha Brahmbhatt,Bijapur,87,4,3717.92,3,Loyal Customers
40841791,Krishna Chahal,Mysore,135,2,2309.51,2,Regular Customers
40858753,Samaksh Sharma,Bharatpur,93,2,2232.2000000000003,2,Regular Customers
40871915,Alka Sandal,Mehsana,403,2,1156.36,1,At Risk Customers
40986000,Charles Gara,Karnal,364,1,709.08,1,At Risk Customers
41008070,Libni Dua,Vijayawada,85,3,3283.08,3,Loyal Customers
41073776,Urmi Dara,Meerut,281,2,4819.709999999999,3,Loyal Customers
41146001,Nirja Prasad,Belgaum,336,2,1122.63,1,At Risk Customers
41155125,Yahvi Doshi,Tenali,140,4,3318.7,3,Loyal Customers
41164215,Lucky Savant,Secunderabad,141,4,3677.57,3,Loyal Customers
41168392,Sneha Rajagopalan,Silchar,26,2,1828.98,2,Regular Customers
41181125,Bimala Samra,Mysore,5,2,1535.26,2,Regular Customers
41194825,Mekhala Shah,Singrauli,421,3,3684.36,3,Loyal Customers
41261495,Faris Deol,Bhagalpur,56,2,1548.0,2,Regular Customers
41395224,Thomas Sarkar,Jalna,288,1,2478.63,1,At Risk Customers
41439103,Ati Wali,Junagadh,267,1,2877.03,1,At Risk Customers
41494517,Maya Dara,Latur,403,2,1982.21,1,At Risk Customers
41494867,Kalpit Gulati,Bongaigaon,278,2,1624.7,1,At Risk Customers
41612464,Chatura Sodhi,Bhavnagar,72,1,343.56,2,Regular Customers
41640262,Vihaan Gola,Ulhasnagar,131,6,4825.71,0,Premium Customers
41647393,Simon Padmanabhan,Sirsa,79,3,3472.78,3,Loyal Customers
41811800,Sneha Bahl,Jaunpur,167,2,3033.5,3,Loyal Customers
41874489,Vrishti Baria,Ahmedabad,182,3,2553.36,3,Loyal Customers
41878908,Barkha Kanda,Raiganj,359,4,4132.3,3,Loyal Customers
41972994,Lila Khanna,Bhatpara,267,2,2140.31,2,Regular Customers
42012717,Edhitha Sahota,Jabalpur,118,4,2401.29,3,Loyal Customers
42102289,Guneet Vaidya,Raebareli,6,3,2448.62,3,Loyal Customers
42208242,Farhan Tata,Danapur,9,4,6675.09,0,Premium Customers
42227189,Nilima Borah,Sonipat,245,2,5323.98,3,Loyal Customers
42262168,Mason Iyengar,Avadi,55,3,2264.2,3,Loyal Customers
42272393,Anya Parmer,Moradabad,263,1,896.32,2,Regular Customers
42366724,Quincy Kari,Saharanpur,28,4,2606.83,3,Loyal Customers
42432226,Gaurang Mitra,Gandhinagar,82,2,1314.75,2,Regular Customers
42465414,Ria Mallick,Kadapa,107,2,1748.28,2,Regular Customers
42514124,Bakhshi Sodhi,Bally,281,3,5228.45,3,Loyal Customers
42589311,Yadavi Uppal,Dehradun,197,2,1930.69,2,Regular Customers
42615134,Champak Patil,Muzaffarnagar,386,1,2662.44,1,At Risk Customers
42723554,Pranit Wagle,Gandhinagar,159,5,4689.29,0,Premium Customers
42781544,Isaiah Sankar,Faridabad,112,2,2555.94,3,Loyal Customers
42872865,Vasatika Chatterjee,Bulandshahr,9,1,475.04,2,Regular Customers
42989999,Ishwar Munshi,Mahbubnagar,21,3,5055.28,0,Premium Customers
43034188,Ekaraj Bora,Sirsa,38,2,5063.460000000001,3,Loyal Customers
43052303,Girik Mutti,Eluru,21,4,2828.65,3,Loyal Customers
43066953,Hredhaan Sengupta,Bikaner,349,1,856.89,1,At Risk Customers
43243913,Rushil Iyer,Jehanabad,398,1,231.33,1,At Risk Customers
43256928,Gaurav Bhardwaj,Baranagar,162,3,1355.88,3,Loyal Customers
43295656,Wyatt Bhasin,Sagar,2,4,5150.8,0,Premium Customers
43307488,Jagrati Prabhu,Bhatpara,183,1,1765.02,2,Regular Customers
43367112,Chasmum Ramesh,Gopalpur,270,3,3786.45,3,Loyal Customers
43377076,Imaran Krishnan,Junagadh,106,2,2815.48,3,Loyal Customers
43431724,Jack Kalita,Rohtak,373,2,1463.34,1,At Risk Customers
43459807,Charan Brahmbhatt,Khammam,346,1,1425.12,1,At Risk Customers
43518622,Pooja Gole,Jaunpur,157,2,1080.94,2,Regular Customers
43519553,Lekha Swamy,Mathura,161,1,1902.54,2,Regular Customers
43599910,Oviya Swaminathan,Sambhal,5,3,4146.11,3,Loyal Customers
43784632,Adya Johal,Gandhinagar,77,3,1290.29,3,Loyal Customers
43799224,Vasatika Agate,Karaikudi,13,2,2043.55,2,Regular Customers
43860025,Nidhi Baria,Nagpur,394,2,2164.35,1,At Risk Customers
43980719,Unni Pillai,Kalyan-Dombivli,88,1,1669.0500000000002,2,Regular Customers
43990799,Indrajit Singh,Dindigul,22,3,1423.35,3,Loyal Customers
44030130,Laksh Dalal,Ghaziabad,14,3,3342.12,3,Loyal Customers
44050697,Hemang Ratti,Ujjain,235,3,4703.91,3,Loyal Customers
44139071,Lopa Padmanabhan,Belgaum,302,2,1566.14,1,At Risk Customers
44149982,Tara Uppal,Yamunanagar,116,4,2666.09,3,Loyal Customers
44174426,Girindra Nair,Salem,515,1,53.49,1,At Risk Customers
44198187,Charvi Lanka,North Dumdum,444,1,831.1,1,At Risk Customers
44223796,Bakhshi Lad,Erode,35,4,1532.5,3,Loyal Customers
44269569,Chasmum Natarajan,Agra,48,3,4513.92,3,Loyal Customers
44409533,Vihaan Sule,Tadipatri,122,4,2375.16,3,Loyal Customers
44410149,Dhruv Patel,Pondicherry,171,6,8067.66,0,Premium Customers
44477365,Nihal Buch,Katihar,186,2,2928.99,3,Loyal Customers
44557943,Megha D’Alia,Bangalore,425,2,1784.49,1,At Risk Customers
44562310,Harsh Om,Warangal,394,3,3445.87,3,Loyal Customers
44589829,Udyati Garde,Sagar,114,4,4467.56,0,Premium Customers
44723662,Veer Dixit,Dhanbad,441,2,2898.07,1,At Risk Customers
44776601,Krisha Sood,Durg,136,2,983.69,2,Regular Customers
44828791,Zansi Panchal,Khora ,89,4,3118.06,3,Loyal Customers
44859592,Dhriti Koshy,Proddatur,103,1,22.04,2,Regular Customers
44888581,Rehaan Samra,Ballia,38,2,1195.27,2,Regular Customers
44928499,Aarav Andra,Ramgarh,475,2,2102.11,1,At Risk Customers
45028365,Qarin Dass,Danapur,313,2,2453.1,1,At Risk Customers
45033270,Manan Chandran,Thanjavur,84,1,1959.98,2,Regular Customers
45052594,Harish Venkatesh,Aligarh,165,3,1418.82,3,Loyal Customers
45066676,Lipika Murthy,Satna,34,3,2370.13,3,Loyal Customers
45071436,Gaurang Ratta,Tadepalligudem,275,2,1378.01,1,At Risk Customers
45166203,Rushil Dass,Proddatur,186,4,3229.32,3,Loyal Customers
45314389,Amaira Subramanian,Ajmer,34,2,2229.6800000000003,2,Regular Customers
45323391,Viraj Kota,North Dumdum,121,3,1922.9,3,Loyal Customers
45383958,Aachal Mangat,Rewa,255,1,317.8,2,Regular Customers
45477575,Aarna Bawa,Vellore,43,5,5106.6,0,Premium Customers
45481936,Robert Gour,Munger,81,2,522.93,2,Regular Customers
45546750,Mugdha Pandey,Madhyamgram,269,1,657.8,2,Regular Customers
45586151,Pallavi Ram,Saharsa,149,3,1179.88,3,Loyal Customers
45659330,Jackson Sandal,Gwalior,239,3,1605.9700000000005,3,Loyal Customers
45700473,Omkaar Padmanabhan,Thoothukudi,299,3,4716.87,3,Loyal Customers
45700739,Luke Dar,Visakhapatnam,214,2,150.89999999999998,2,Regular Customers
45708879,Girindra Majumdar,Ulhasnagar,21,3,4452.389999999999,3,Loyal Customers
45804389,Liam Dayal,Maheshtala,118,3,4753.06,3,Loyal Customers
45868300,Isha Sheth,Ratlam,151,3,1757.9299999999998,3,Loyal Customers
46023497,Baljiwan Nagi,Delhi,142,1,953.46,2,Regular Customers
46088132,Benjamin Ramanathan,Sasaram,253,1,834.78,2,Regular Customers
46185579,Vidhi Pillai,Siliguri,23,4,3284.19,3,Loyal Customers
46208150,Watika Bedi,Meerut,140,4,4905.6900000000005,0,Premium Customers
46313756,Widisha Desai,Kolhapur,194,3,3564.39,3,Loyal Customers
46378942,Oscar Kurian,Chandigarh,408,1,856.89,1,At Risk Customers
46504355,Ridhi Oak,Arrah,339,5,7227.630000000001,0,Premium Customers
46515922,Harish Setty,Ghaziabad,10,1,2633.67,2,Regular Customers
46563355,Zehaan Srinivasan,Ajmer,37,2,1158.38,2,Regular Customers
46564935,Ranbir Hegde,Muzaffarpur,328,1,2127.24,1,At Risk Customers
46615831,Wishi Chada,Raurkela Industrial Township,267,3,2566.29,3,Loyal Customers
46623192,Warinder Sastry,Nizamabad,132,6,5180.98,0,Premium Customers
46629917,Vasudha Dey,Jamshedpur,221,3,3341.8300000000004,3,Loyal Customers
46675763,Tanmayi Ramaswamy,Katihar,345,2,713.69,1,At Risk Customers
46682777,Simon Parekh,Medininagar,485,1,359.98,1,At Risk Customers
46684081,Darika Hans,Ghaziabad,268,1,1249.9499999999998,1,At Risk Customers
46686696,Wazir Seth,Thoothukudi,19,3,1935.5,3,Loyal Customers
46699982,Abhiram Sahni,Ulhasnagar,322,4,6436.32,0,Premium Customers
46717997,Wishi Srivastava,Unnao,29,3,3052.58,3,Loyal Customers
46741896,Jagvi Patla,Mango,25,4,4767.67,0,Premium Customers
46802633,Champak Subramaniam,Bettiah,16,2,1276.57,2,Regular Customers
46828932,Balveer De,Eluru,538,1,1101.24,1,At Risk Customers
46836361,Champak Nazareth,Bikaner,30,2,3640.37,3,Loyal Customers
46848302,Praneel Ramesh,Gulbarga,537,2,3513.39,1,At Risk Customers
46875863,Charita Anne,Bidar,32,4,3050.21,3,Loyal Customers
46876240,Vihaan Doctor,Vijayanagaram,72,3,2717.8,3,Loyal Customers
46885873,Wahab Luthra,Aizawl,176,2,2555.41,3,Loyal Customers
46989310,Atharv Sharaf,Hindupur,72,4,4554.72,0,Premium Customers
47043878,Frado Batra,Bilaspur,188,2,2446.07,3,Loyal Customers
47125914,Yashoda Chacko,Kochi,304,2,1108.11,1,At Risk Customers
47206881,Barkha Contractor,Nellore,340,3,2464.84,3,Loyal Customers
47215976,Jasmit Ganesh,Jalna,105,3,3038.71,3,Loyal Customers
47274329,Hemal Murthy,Ludhiana,297,4,3522.7000000000007,3,Loyal Customers
47295676,Neel Sandhu,Bhopal,334,2,846.0799999999999,1,At Risk Customers
47387512,Shivansh Gaba,Chittoor,401,1,461.16,1,At Risk Customers
47503133,Mitesh Rajan,Chapra,235,3,1264.85,3,Loyal Customers
47515046,Guneet Uppal,Jamshedpur,514,2,5399.91,1,At Risk Customers
47577193,Chaaya Wable,Dehri,69,3,3652.6,3,Loyal Customers
47590944,Ayushman Chawla,Bhubaneswar,126,3,322.9,2,Regular Customers
47618810,Ekalinga Mandal,Ghaziabad,423,2,1178.42,1,At Risk Customers
47625855,Caleb Brar,Mango,20,6,7891.08,0,Premium Customers
47822591,Hema Bahri,Begusarai,555,1,1851.3,1,At Risk Customers
47939657,Idika Sem,Bhavnagar,29,2,553.72,2,Regular Customers
47955004,Mohini Sidhu,Kollam,282,3,5101.33,3,Loyal Customers
47990044,Leela Dubey,Kadapa,180,1,651.93,2,Regular Customers
48002829,Daksh Mandal,Mumbai,109,2,2515.15,3,Loyal Customers
48033969,Kavya Kunda,Baranagar,118,2,454.49,2,Regular Customers
48150243,Ekaja Dube,Delhi,158,2,755.88,2,Regular Customers
48158494,Hamsini Choudhury,Kishanganj,541,2,1875.09,1,At Risk Customers
48160359,Zehaan Sundaram,Karaikudi,320,2,1106.06,1,At Risk Customers
48167795,Charita Kapoor,Visakhapatnam,62,2,1790.16,2,Regular Customers
48228547,Anika Baria,Katihar,179,4,5960.07,0,Premium Customers
48268435,Triveni Padmanabhan,Ramagundam,45,2,2362.39,2,Regular Customers
48281892,Teerth Mukherjee,Vellore,130,4,4698.58,0,Premium Customers
48284116,Bhanumati Pingle,Narasaraopet,350,2,2267.42,1,At Risk Customers
48358028,Xavier Kibe,Gudivada,82,3,3512.63,3,Loyal Customers
48409448,Pavani Vaidya,Ludhiana,168,2,4568.41,3,Loyal Customers
48418662,Matthew Joshi,Machilipatnam,20,4,3872.41,0,Premium Customers
48481702,Dayita Kothari,Shivpuri,80,1,168.4,2,Regular Customers
48511124,Girish Shankar,Korba,204,2,2680.58,3,Loyal Customers
48554440,Rohan Ganesan,Malegaon,137,3,4002.54,3,Loyal Customers
48716374,Chaman Merchant,Hapur,322,2,2795.54,1,At Risk Customers
48730063,Jatin Dua,Farrukhabad,331,2,3030.26,1,At Risk Customers
48765625,Aradhana Ganguly,Bathinda,125,1,1813.08,2,Regular Customers
48776805,Prisha Sanghvi,Alwar,29,3,6286.349999999999,0,Premium Customers
48778633,Sarthak Chaudhari,Pimpri-Chinchwad,394,3,2721.23,1,At Risk Customers
48943848,Tarak Nair,Patiala,310,2,353.78,1,At Risk Customers
49050014,Chanakya Mukhopadhyay,Ludhiana,220,2,2707.38,3,Loyal Customers
49117070,Pavani Lala,Bhubaneswar,70,1,1863.22,2,Regular Customers
49136375,Rohan Basak,Bathinda,31,4,5348.91,0,Premium Customers
49147776,Meghana Khanna,Panvel,74,3,3090.94,3,Loyal Customers
49152878,Patrick Sandhu,Gwalior,112,4,5368.82,0,Premium Customers
49241309,Pahal Palla,Gurgaon,246,2,1699.49,2,Regular Customers
49258916,Zehaan Thakur,Jaipur,572,1,659.58,1,At Risk Customers
49260858,Charan Chaudhary,Phagwara,552,1,690.08,1,At Risk Customers
49371494,Zansi Banik,Kanpur,320,2,758.24,1,At Risk Customers
49433260,Abhiram Wason,Hospet,111,5,3290.879999999999,0,Premium Customers
49449238,Omaja Mukhopadhyay,Dindigul,143,2,541.49,2,Regular Customers
49457685,Bahadurjit Pau,Kamarhati,235,1,680.72,2,Regular Customers
49529811,Zayyan Swaminathan,Pimpri-Chinchwad,235,4,4668.530000000001,0,Premium Customers
49617531,Vamakshi Pradhan,Firozabad,484,2,787.55,1,At Risk Customers
49617892,Dayamai Parmer,Orai,18,3,2926.65,3,Loyal Customers
49756591,Madhav Murthy,Miryalaguda,255,3,1713.79,3,Loyal Customers
49769532,Yashawini Barman,Ramagundam,331,1,197.39,1,At Risk Customers
49795571,Rajata Agrawal,Loni,3,3,2652.33,3,Loyal Customers
49806393,Aarush Natt,Latur,246,4,3476.9300000000003,3,Loyal Customers
49833888,Harini Raja,Parbhani,379,1,878.8,1,At Risk Customers
49869358,Varenya Nigam,Dharmavaram,151,1,1350.92,2,Regular Customers
49881540,Xalak Muni,Kottayam,352,2,4844.49,3,Loyal Customers
49915498,Harini Mangal,Jalandhar,291,1,2823.57,1,At Risk Customers
49970560,Pallavi Rao,Guwahati,52,3,4261.75,3,Loyal Customers
49985597,Neel Rastogi,Kishanganj,50,2,2449.32,2,Regular Customers
50015282,Ekbal Shan,Berhampore,52,2,177.36,2,Regular Customers
50045027,Yashvi Bajaj,Sagar,397,1,1724.56,1,At Risk Customers
50080663,Adweta Bumb,Morbi,70,3,3330.03,3,Loyal Customers
50105174,Tanveer Baria,Malda,523,2,1425.0800000000002,1,At Risk Customers
50229203,Rushil Dhingra,Tiruchirappalli,12,2,1697.66,2,Regular Customers
50392139,Zehaan Hayer,Jamnagar,335,1,988.34,1,At Risk Customers
50484778,Hiral Saxena,Kanpur,421,1,80.25,1,At Risk Customers
50518311,Arunima Tak,Arrah,297,2,1839.76,1,At Risk Customers
50527764,Sai Garg,Amroha,542,1,785.67,1,At Risk Customers
50557979,Kiaan Naidu,Khammam,126,4,4091.5,0,Premium Customers
50572914,Ishani Mukherjee,Bihar Sharif,562,2,3339.2200000000003,1,At Risk Customers
50630016,Max Ranganathan,Unnao,135,2,1403.13,2,Regular Customers
50632192,Omkaar Mander,Nadiad,229,3,3463.98,3,Loyal Customers
50650215,Isaac Samra,Pimpri-Chinchwad,432,1,659.58,1,At Risk Customers
50652909,Meera Jain,Farrukhabad,380,1,2174.52,1,At Risk Customers
50680889,Warda Karan,Thoothukudi,239,1,225.21,2,Regular Customers
50760752,Yug Varughese,Maheshtala,142,2,3741.03,3,Loyal Customers
50781611,Jeremiah Mallick,Nagpur,117,3,1233.84,3,Loyal Customers
50899600,Frado Arya,Bettiah,110,4,2039.79,3,Loyal Customers
50953418,Samaksh Kannan,Rajpur Sonarpur,423,2,3516.45,1,At Risk Customers
50968312,Idika Chaudhry,Maheshtala,236,3,1833.86,3,Loyal Customers
51014003,Matthew Swaminathan,Giridih,385,2,2519.78,1,At Risk Customers
51034600,Ubika Borah,Bhilai,64,2,2186.9700000000003,2,Regular Customers
51040116,Inaya Pillai,Berhampur,330,1,975.24,1,At Risk Customers
51048402,Leela Bhandari,Ahmedabad,234,2,804.98,2,Regular Customers
51119088,Zehaan Srinivas,Tinsukia,153,4,2313.49,3,Loyal Customers
51174875,Sara Prasad,Saharsa,17,2,1662.26,2,Regular Customers
51341672,Aarna Mital,Bhagalpur,38,3,1971.6,3,Loyal Customers
51387106,Nandini Devi,Jamalpur,102,1,39.75,2,Regular Customers
51476157,Abdul Bali,Burhanpur,1,4,6690.860000000001,0,Premium Customers
51503088,Arin More,Kumbakonam,333,3,3616.13,3,Loyal Customers
51544662,Hiral Tara,Chinsurah,258,2,857.76,2,Regular Customers
51547198,Kashvi Date,Agartala,202,1,2357.01,2,Regular Customers
51556553,Hitesh Bakshi,Noida,175,1,976.55,2,Regular Customers
51557673,Faras Varughese,Mira-Bhayandar,203,1,890.96,2,Regular Customers
51592174,Jasmit Sura,Secunderabad,311,3,2339.13,3,Loyal Customers
51661209,Vasana Chandran,Bidhannagar,17,5,3879.21,0,Premium Customers
51669263,Odika Manda,Avadi,244,3,4459.66,3,Loyal Customers
51670882,Krishna Hans,Dehradun,163,5,6662.05,0,Premium Customers
51812283,Vasana Rajagopalan,Katni,353,1,342.94,1,At Risk Customers
51833636,Ikbal Munshi,Anand,307,2,668.79,1,At Risk Customers
51872499,Nakul Banerjee,Bareilly,98,2,1366.7199999999998,2,Regular Customers
51945420,Geetika Kalita,Tiruppur,223,2,2365.49,2,Regular Customers
51994597,Xavier Divan,Mira-Bhayandar,3,2,3007.42,3,Loyal Customers
52001314,Libni Manda,Kota,318,2,1608.12,1,At Risk Customers
52032226,Jagvi Choudhury,Jodhpur,185,2,2896.67,3,Loyal Customers
52048413,Keya Balakrishnan,Jalna,227,1,928.86,2,Regular Customers
52075070,Vedika Muni,Kadapa,87,2,1105.5,2,Regular Customers
52085702,Irya Soni,Fatehpur,12,4,2899.45,3,Loyal Customers
52215833,Lipika Parmer,Sirsa,246,2,1312.98,2,Regular Customers
52279849,Henry Sawhney,Anantapur,483,1,327.09000000000003,1,At Risk Customers
52337289,Pooja Mital,Morena,595,1,672.73,1,At Risk Customers
52409516,Rehaan Jha,Jabalpur,14,4,1458.34,3,Loyal Customers
52417972,Nisha Chadha,Madhyamgram,136,3,852.51,2,Regular Customers
52428250,Thomas Rai,Bulandshahr,33,3,4807.96,3,Loyal Customers
52613657,Kala Ravi,Sultan Pur Majra,63,2,3735.45,3,Loyal Customers
52672659,Isha Mand,Vadodara,209,1,932.61,2,Regular Customers
52678787,Zashil Salvi,Ghaziabad,15,1,642.56,2,Regular Customers
52757321,Hritik Narain,Bulandshahr,43,4,5518.379999999999,0,Premium Customers
52770036,Lopa Bobal,Bathinda,294,3,1538.9299999999998,3,Loyal Customers
52815265,Daniel Bains,Pudukkottai,595,1,237.62,1,At Risk Customers
52862822,Aarini Khosla,Anand,268,1,2818.65,1,At Risk Customers
52913011,Chaitaly Parekh,Dhule,72,2,2694.35,3,Loyal Customers
52915166,Harita Gulati,Dehri,306,1,635.64,1,At Risk Customers
53025962,Sai Mandal,Dibrugarh,10,2,2596.79,3,Loyal Customers
53076417,Chaitanya Nayak,Malda,360,2,1123.66,1,At Risk Customers
53100521,Mitesh Bora,Gandhidham,170,1,87.3,2,Regular Customers
53292177,Tanmayi Vyas,Panihati,324,3,3673.45,3,Loyal Customers
53299455,Rushil Gupta,Bijapur,82,3,3948.74,3,Loyal Customers
53332493,Anirudh Bose,Surendranagar Dudhrej,59,3,616.6700000000001,2,Regular Customers
53354003,Yatin Borra,Raiganj,152,2,3433.14,3,Loyal Customers
53392567,Darika Banerjee,Aligarh,398,2,1173.96,1,At Risk Customers
53399500,Libni Sinha,Kadapa,64,1,1728.66,2,Regular Customers
53538932,Quincy Nanda,Thoothukudi,185,2,1464.92,2,Regular Customers
53557741,Robert Shroff,Hospet,257,1,1765.02,2,Regular Customers
53624677,Varenya Ganesh,Udaipur,48,3,1883.16,3,Loyal Customers
53636086,Max Nadkarni,Bally,31,4,4565.23,0,Premium Customers
53640286,Quincy Cheema,Mathura,35,2,506.02,2,Regular Customers
53782978,Laban Baria,Junagadh,536,1,488.01,1,At Risk Customers
53815931,Praneel Sekhon,Jaipur,352,1,1879.1,1,At Risk Customers
53974737,Kiaan Menon,Panipat,94,2,2401.77,2,Regular Customers
54038173,William Palan,Jehanabad,258,1,863.18,2,Regular Customers
54057428,Chatura Contractor,Panvel,63,1,874.78,2,Regular Customers
54139038,Wahab Balan,Dibrugarh,50,3,4626.79,3,Loyal Customers
54145987,Rushil Yadav,Agartala,23,3,3174.38,3,Loyal Customers
54216497,Mohini Pandya,Guwahati,418,1,2804.25,1,At Risk Customers
54222320,Edhitha Kakar,Pali,502,2,3148.26,1,At Risk Customers
54338574,Yashodhara Gokhale,Guntur,101,2,1265.54,2,Regular Customers
54347213,Devansh Prasad,Lucknow,192,2,1709.46,2,Regular Customers
54375571,Omaja Bumb,Korba,423,1,863.18,1,At Risk Customers
54580166,Jason Pradhan,Silchar,137,3,2720.45,3,Loyal Customers
54619715,David Cherian,Panchkula,313,2,3992.36,3,Loyal Customers
54680459,Fariq Kala,Vijayanagaram,371,1,607.67,1,At Risk Customers
54730270,Aradhana Munshi,Salem,63,4,4092.53,0,Premium Customers
54748429,Darsh More,Visakhapatnam,52,2,1668.16,2,Regular Customers
54797119,Anusha Patel,Bilaspur,131,3,1494.83,3,Loyal Customers
54799731,Rushil Palan,Jaipur,395,1,1192.65,1,At Risk Customers
54837637,Nathaniel Som,Ichalkaranji,393,1,1979.76,1,At Risk Customers
54877984,Ubika Basak,Visakhapatnam,204,2,1706.7399999999998,2,Regular Customers
54885705,David Date,Amritsar,246,2,1451.3,2,Regular Customers
54893418,Chatresh Prashad,Dibrugarh,493,2,4131.26,1,At Risk Customers
54923640,Azad Nath,Gandhidham,3,6,4611.2,0,Premium Customers
54952806,Manya Kohli,Coimbatore,75,3,3794.14,3,Loyal Customers
55007963,Darika Borah,Chennai,60,1,136.6,2,Regular Customers
55028958,Pavani Yadav,Howrah,262,3,1880.34,3,Loyal Customers
55042740,Samuel Lanka,Kadapa,219,3,2903.5,3,Loyal Customers
55056284,Devika Lal,Ichalkaranji,236,2,2345.85,2,Regular Customers
55060796,Lopa Barman,Satara,214,3,4518.54,3,Loyal Customers
55094848,Michael Sarraf,Madanapalle,192,1,1959.98,2,Regular Customers
55170753,Praneel Nagy,Miryalaguda,10,2,2253.98,2,Regular Customers
55278329,Nathaniel Mand,Bhubaneswar,404,1,1441.9,1,At Risk Customers
55404382,Isaiah Issac,Guntakal,4,2,2938.24,3,Loyal Customers
55425478,Karan Ramachandran,Surendranagar Dudhrej,44,3,3259.8100000000004,3,Loyal Customers
55472026,Urishilla Bhatnagar,Allahabad,49,2,1775.57,2,Regular Customers
55552600,Baljiwan Nagar,Gorakhpur,442,1,1690.35,1,At Risk Customers
55693909,Darsh Pandey,Narasaraopet,277,3,941.4,3,Loyal Customers
55733729,Aarini Singhal,Anantapuram,122,1,2736.87,2,Regular Customers
55803572,Champak Palla,Rewa,297,1,309.0,1,At Risk Customers
55936462,Upkaar Mahajan,Berhampur,219,1,1553.31,2,Regular Customers
55971849,Orinder Joshi,Rewa,321,2,506.31,1,At Risk Customers
56195475,Falguni Date,Ahmedabad,66,3,2471.9,3,Loyal Customers
56248757,Ekansh Narayan,Chapra,68,1,801.81,2,Regular Customers
56250563,Anthony Tara,Jabalpur,466,1,918.58,1,At Risk Customers
56352626,Liam Palan,Nagercoil,420,1,1648.41,1,At Risk Customers
56441247,Aashi Narula,Meerut,304,4,1602.42,3,Loyal Customers
56457995,Turvi Venkataraman,Amroha,50,2,680.75,2,Regular Customers
56480776,Matthew Parsa,Udaipur,154,1,136.6,2,Regular Customers
56548063,Advay Baria,Thanjavur,70,3,2463.21,3,Loyal Customers
56572297,Rachita Wali,Ulhasnagar,159,3,2253.01,3,Loyal Customers
56604077,Yutika Pandit,Ghaziabad,69,2,1377.62,2,Regular Customers
56764791,Priya Shukla,Hindupur,498,1,325.08,1,At Risk Customers
56780331,Vinaya Atwal,Gaya,313,3,5479.4,0,Premium Customers
57063557,Vaishnavi Srinivas,Raurkela Industrial Township,441,1,1652.42,1,At Risk Customers
57081917,Nidra Choudhary,Howrah,4,5,3044.95,0,Premium Customers
57102800,Januja Verma,Ichalkaranji,94,3,892.15,2,Regular Customers
57207678,Yashodhara Mishra,Chandrapur,138,1,1755.96,2,Regular Customers
57213543,Hema Natarajan,Gandhinagar,446,1,1598.92,1,At Risk Customers
57217288,Dalaja Bassi,Karimnagar,96,1,2771.52,2,Regular Customers
57291761,Samarth Muni,Pallavaram,10,6,8426.84,0,Premium Customers
57331847,Jack Kamdar,Amravati,178,2,3032.78,3,Loyal Customers
57340963,Wridesh Kothari,Proddatur,117,4,4114.1900000000005,0,Premium Customers
57360162,Aarini Rama,Bally,112,3,4263.7,3,Loyal Customers
57392064,Lavanya Jain,Udupi,201,4,1988.8,3,Loyal Customers
57474553,Damini Sule,Moradabad,11,2,2132.2,2,Regular Customers
57505804,Zinal Padmanabhan,Orai,41,3,1961.6,3,Loyal Customers
57523973,Darpan Rama,Suryapet,141,3,4526.06,3,Loyal Customers
57526322,Henry Dar,Kishanganj,23,4,3019.06,3,Loyal Customers
57537308,Ayush Buch,Jorhat,116,3,2930.3499999999995,3,Loyal Customers
57548210,Alka Varughese,Erode,373,1,58.59,1,At Risk Customers
57566548,Oliver Tella,Arrah,19,3,2727.2,3,Loyal Customers
57579640,Sneha Amble,Siwan,4,1,1255.44,2,Regular Customers
57642258,Gunbir Dutt,Etawah,72,3,2111.34,3,Loyal Customers
57658033,Rajeshri Ramaswamy,Yamunanagar,505,2,940.72,1,At Risk Customers
57662767,Lila Chakraborty,Kalyan-Dombivli,39,2,4383.5,3,Loyal Customers
57674875,Kiaan Shukla,Burhanpur,291,2,3183.41,3,Loyal Customers
57765367,Advika Sundaram,Sultan Pur Majra,244,2,1126.33,2,Regular Customers
57770044,Zarna Master,Ajmer,56,2,1046.65,2,Regular Customers
57833505,Pooja Nadkarni,Thrissur,307,5,6747.530000000001,0,Premium Customers
57892837,Thomas Bail,Bally,228,3,1614.05,3,Loyal Customers
57896058,Samuel Gara,Begusarai,462,1,1101.24,1,At Risk Customers
57956497,Reva Sahota,Kurnool,325,2,2234.32,1,At Risk Customers
57967753,Lila Tailor,Davanagere,41,3,4021.15,3,Loyal Customers
58085779,Abeer Oak,Berhampur,421,1,702.54,1,At Risk Customers
58111297,Chasmum Mutti,Sambalpur,56,3,5753.23,0,Premium Customers
58115779,Bhavna Ramaswamy,Katni,287,2,3585.93,3,Loyal Customers
58152923,Amrita Babu,Kishanganj,367,1,1336.44,1,At Risk Customers
58170168,Urmi Bansal,Sasaram,7,3,1120.8,3,Loyal Customers
58214883,Udant Grover,Darbhanga,189,2,1584.06,2,Regular Customers
58415368,Frederick Virk,Shahjahanpur,548,1,475.04,1,At Risk Customers
58505903,Harinakshi Sibal,Kottayam,75,2,967.15,2,Regular Customers
58513300,Hemal Mammen,Jodhpur,106,2,2596.15,3,Loyal Customers
58631874,Yauvani Bhat,Avadi,187,1,597.91,2,Regular Customers
58644651,Gaurangi Vala,Secunderabad,217,3,920.19,3,Loyal Customers
58873572,Chandran Kale,Nanded,517,1,117.18,1,At Risk Customers
58929595,Aarush Ratti,Hubli–Dharwad,92,2,816.23,2,Regular Customers
58942207,Krisha Sama,Patna,425,2,1300.5800000000002,1,At Risk Customers
58974323,Reva Bhavsar,Burhanpur,162,2,1502.86,2,Regular Customers
58979427,Kiaan Wason,Jalna,32,2,2105.52,2,Regular Customers
59009727,Charles Kulkarni,Adoni,177,2,3004.26,3,Loyal Customers
59094034,Ekanta Dass,Nangloi Jat,108,4,4246.88,0,Premium Customers
59095971,Jason Wagle,Amroha,72,1,709.82,2,Regular Customers
59110513,Chaaya Mody,Raebareli,20,4,3215.74,3,Loyal Customers
59141605,Saksham Kala,Motihari,49,3,3449.29,3,Loyal Customers
59197894,Mitesh Saha,Akola,56,1,1266.42,2,Regular Customers
59207798,Chakrika Bhargava,Ballia,47,2,131.98000000000002,2,Regular Customers
59216664,Netra Keer,Deoghar,40,2,781.13,2,Regular Customers
59222551,Urmi Parekh,Jamshedpur,421,1,1895.9,1,At Risk Customers
59240916,Ronith Murthy,Faridabad,226,2,1006.66,2,Regular Customers
59252433,Vincent Raval,Karaikudi,42,4,2126.87,3,Loyal Customers
59323931,Ridhi Yadav,Bijapur,326,1,488.01,1,At Risk Customers
59329145,William Guha,Gulbarga,117,4,3630.81,3,Loyal Customers
59345983,Liam Sagar,Saharanpur,272,1,2127.24,1,At Risk Customers
59353207,Aayush Oza,Khammam,91,2,3094.95,3,Loyal Customers
59398136,Neelima Lanka,Machilipatnam,23,4,2456.49,3,Loyal Customers
59427862,Hemani Lall,Erode,439,1,948.06,1,At Risk Customers
59436131,Vritti Kota,Imphal,299,4,3446.56,3,Loyal Customers
59485034,Dominic Sidhu,Agartala,36,2,2824.19,3,Loyal Customers
59517074,Aarav Murty,Ichalkaranji,214,1,424.28,2,Regular Customers
59518795,Wazir Sandal,Jodhpur,96,3,1951.02,3,Loyal Customers
59545278,Yagnesh Randhawa,Yamunanagar,173,3,4234.56,3,Loyal Customers
59619739,Charan Ramanathan,Delhi,381,1,327.09000000000003,1,At Risk Customers
59620534,Oeshi Sethi,Ambattur,76,4,1635.8200000000002,3,Loyal Customers
59643062,Reyansh Khatri,Aligarh,282,1,265.29,1,At Risk Customers
59677346,Falak Reddy,Bongaigaon,169,2,943.01,2,Regular Customers
59769142,Pooja Bajaj,Bellary,53,2,2020.92,2,Regular Customers
59815512,Teerth Seshadri,Jalna,186,2,3147.9300000000003,3,Loyal Customers
59830126,Raghav Iyengar,Howrah,13,1,40.7,2,Regular Customers
59840071,Vihaan Chokshi,Deoghar,259,2,2321.86,2,Regular Customers
59890331,Raagini Badal,Chennai,59,3,1760.3200000000002,3,Loyal Customers
59909004,Indali Master,Haridwar,139,1,1837.16,2,Regular Customers
59930550,Anamika Wali,Agra,150,1,722.42,2,Regular Customers
60049160,Abdul Nayak,Bardhaman,62,2,3691.97,3,Loyal Customers
60062501,Anirudh Mistry,Bhilwara,160,2,2087.49,2,Regular Customers
60210778,Upasna Bhasin,Motihari,231,1,1836.12,2,Regular Customers
60275891,Anmol Chandra,Amaravati,321,1,1937.88,1,At Risk Customers
60300263,Sathvik Jani,Rewa,375,2,849.5099999999999,1,At Risk Customers
60319216,Lohit Narasimhan,Ahmedabad,447,2,1014.16,1,At Risk Customers
60371334,Shaurya Kuruvilla,Purnia,268,2,1954.29,2,Regular Customers
60379302,Raksha Chand,Patiala,274,2,5290.29,3,Loyal Customers
60385293,Edhitha Pandey,Medininagar,279,3,3165.57,3,Loyal Customers
60399360,Gavin Solanki,Jamnagar,49,2,2781.34,3,Loyal Customers
60446619,Yashvi Kar,Guntakal,76,2,230.4,2,Regular Customers
60495351,Henry Rana,Srikakulam,111,3,1704.62,3,Loyal Customers
60561655,Rohan Palla,Nashik,309,2,2118.45,1,At Risk Customers
60565603,Ladli Tara,Madhyamgram,135,2,537.64,2,Regular Customers
60591625,Fitan Kunda,Delhi,23,1,186.08,2,Regular Customers
60620291,Upkaar Suresh,Karaikudi,105,2,2322.62,2,Regular Customers
60656482,Rajata Purohit,Haldia,323,3,2809.51,3,Loyal Customers
60698094,Matthew Bhatti,Malegaon,150,3,1735.8000000000002,3,Loyal Customers
60700850,Ishwar Dubey,Tezpur,327,2,2833.22,1,At Risk Customers
60728956,Andrew Nigam,Khandwa,332,1,877.89,1,At Risk Customers
60732869,Joshua Nath,Rajahmundry,293,3,2837.9700000000003,3,Loyal Customers
60757351,Naksh Sule,Salem,234,3,2539.84,3,Loyal Customers
60834500,Rishi Jain,Khammam,293,2,3267.1,3,Loyal Customers
60904312,Jagdish Badami,Mumbai,117,3,2911.86,3,Loyal Customers
60967677,Chatura Sandhu,Agartala,30,3,4577.69,3,Loyal Customers
60974181,Hardik Kakar,Bahraich,385,1,1028.82,1,At Risk Customers
61002154,Ridhi Datta,Imphal,550,1,1165.74,1,At Risk Customers
61015113,Dalaja Choudhury,Amroha,199,2,4228.860000000001,3,Loyal Customers
61024977,Krishna Manda,Dindigul,286,1,395.82,1,At Risk Customers
61121421,Aditya Sami,Tirunelveli,257,3,2434.29,3,Loyal Customers
61182897,Yug Dutt,Satara,44,1,630.84,2,Regular Customers
61226563,Chameli Kala,Vadodara,218,5,4127.92,0,Premium Customers
61226835,Owen Soni,Kishanganj,280,1,1592.5500000000002,1,At Risk Customers
61320989,Anirudh Rege,Aurangabad,33,4,4579.27,0,Premium Customers
61406908,Harrison Mistry,Deoghar,289,1,598.83,1,At Risk Customers
61516967,Mohammed Morar,Erode,239,3,6132.35,0,Premium Customers
61522288,Gunbir Kala,Tiruppur,102,2,1689.76,2,Regular Customers
61618079,Isaac Sunder,Ambala,37,6,5989.530000000001,0,Premium Customers
61753272,Ojasvi Dash,Anantapur,6,6,4750.15,0,Premium Customers
61763552,Gopal Parikh,Panihati,256,4,5468.43,0,Premium Customers
61851054,Bhavya Tiwari,Tadipatri,307,2,2368.01,1,At Risk Customers
61877649,Yuvraj Roy,Nagaon,107,3,2395.82,3,Loyal Customers
61982521,Jagat Dewan,Faridabad,199,5,4205.35,0,Premium Customers
62068277,Zarna Shetty,Hosur,201,3,1786.77,3,Loyal Customers
62243869,Vrishti Thakkar,Raebareli,198,4,3302.06,3,Loyal Customers
62323608,Ekansh Bains,Nandyal,145,4,5663.8,0,Premium Customers
62416456,Diya Chakrabarti,Medininagar,13,3,2607.03,3,Loyal Customers
62419778,Frederick Subramaniam,Jamnagar,305,1,513.5999999999999,1,At Risk Customers
62510499,Pratyush Trivedi,Kozhikode,299,2,2339.75,1,At Risk Customers
62526567,Chaman Karan,Chittoor,39,3,2453.6400000000003,3,Loyal Customers
62526813,Keya Bansal,Nashik,91,1,77.11,2,Regular Customers
62541176,Yutika Andra,Tirupati,197,1,2015.04,2,Regular Customers
62600289,Tanmayi Zachariah,Udaipur,40,4,5030.110000000001,0,Premium Customers
62629494,Anamika Bali,Jorhat,159,3,6400.29,0,Premium Customers
62679120,Ekansh Padmanabhan,Siwan,247,3,2117.84,3,Loyal Customers
62742797,Tanvi Dhar,Fatehpur,235,1,358.16,2,Regular Customers
62807542,Chatura Apte,Patiala,561,2,2545.96,1,At Risk Customers
62816600,Gagan Kumar,Kavali,107,1,1176.66,2,Regular Customers
62828341,Darika Deol,Howrah,52,1,558.24,2,Regular Customers
62868582,Chaitaly Anand,Asansol,379,1,261.03,1,At Risk Customers
62917794,Chaman Setty,Bharatpur,345,2,3269.56,1,At Risk Customers
62971413,Baljiwan Agrawal,Amritsar,148,2,3401.07,3,Loyal Customers
63025744,Eta Mander,Panipat,570,1,490.65,1,At Risk Customers
63060947,Kamala Bobal,Hindupur,355,1,394.78,1,At Risk Customers
63083547,Aarav Mander,Jhansi,26,2,943.55,2,Regular Customers
63092485,Jeet Magar,Alappuzha,564,1,639.6,1,At Risk Customers
63184222,Veer Cheema,Kharagpur,478,1,374.68,1,At Risk Customers
63217390,Warinder Sha,Deoghar,54,1,415.75,2,Regular Customers
63238941,Vidhi Misra,Gwalior,74,4,4441.38,0,Premium Customers
63262519,Benjamin Balakrishnan,Karaikudi,239,4,3710.62,3,Loyal Customers
63292875,Guneet Borah,Noida,418,1,702.71,1,At Risk Customers
63310076,Chavvi Jani,Etawah,102,5,5631.91,0,Premium Customers
63339001,Viraj Bhandari,Noida,123,3,2036.62,3,Loyal Customers
63349378,William Sangha,Mango,368,1,1405.42,1,At Risk Customers
63360864,Idika Sahni,Bhopal,111,5,4345.1,0,Premium Customers
63368244,Jeevika Tara,Danapur,37,4,3437.94,3,Loyal Customers
63376126,Michael Pall,Kollam,488,1,275.03,1,At Risk Customers
63402854,Pallavi Sidhu,Kollam,159,2,4354.35,3,Loyal Customers
63451391,Amrita Kibe,Surendranagar Dudhrej,591,1,709.82,1,At Risk Customers
63571453,Praneel Saran,Kanpur,154,3,1572.79,3,Loyal Customers
63624332,Krisha Zachariah,Rewa,198,1,2215.38,2,Regular Customers
63630649,Indira Golla,Vijayawada,246,2,657.3000000000001,2,Regular Customers
63793401,Frado Ramakrishnan,Kavali,2,3,3265.23,3,Loyal Customers
63802820,Netra Yohannan,Orai,30,4,4979.87,0,Premium Customers
63858550,Neha Balakrishnan,Ichalkaranji,135,2,1248.35,2,Regular Customers
63870636,Darpan Bhatia,Aurangabad,489,1,2127.24,1,At Risk Customers
63948546,Samesh Dass,Bhubaneswar,151,3,2129.28,3,Loyal Customers
63971358,Leela Hayre,Mau,104,3,4519.18,3,Loyal Customers
64017365,Vasatika Banerjee,Delhi,585,1,715.72,1,At Risk Customers
64106072,Pratyush Majumdar,Deoghar,522,1,77.11,1,At Risk Customers
64141971,Madhavi Jaggi,Anantapur,215,5,7393.650000000001,0,Premium Customers
64151769,Teerth Mallick,Mysore,2,2,4286.9800000000005,3,Loyal Customers
64162093,Nakul Mall,Korba,119,3,780.25,2,Regular Customers
64197854,Krishna Ramanathan,Bellary,232,3,1983.46,3,Loyal Customers
64298209,Girindra Sangha,Jodhpur,116,1,537.24,2,Regular Customers
64316806,Yadavi Bhagat,Karnal,70,3,2212.62,3,Loyal Customers
64403005,Ojas Sahota,Darbhanga,103,1,197.39,2,Regular Customers
64489709,Ekavir Kade,North Dumdum,441,1,2929.65,1,At Risk Customers
64497538,Libni Chadha,Bongaigaon,181,4,3721.63,3,Loyal Customers
64535602,Faris Mahajan,Jalgaon,56,3,5207.3,0,Premium Customers
64562786,Neel Sankar,Firozabad,19,4,3484.13,3,Loyal Customers
64722323,Harish Kant,Dibrugarh,485,1,130.01,1,At Risk Customers
64748953,Oscar Natt,Hapur,448,1,2556.06,1,At Risk Customers
64795608,Ishita Mital,Udupi,2,3,3070.88,3,Loyal Customers
64823226,Vasudha Sheth,Tirupati,470,1,1531.52,1,At Risk Customers
64846124,Anusha Sagar,Bidar,216,1,2179.23,2,Regular Customers
64906311,Balendra Pandey,Sikar,126,1,386.92,2,Regular Customers
64932019,Ekiya Babu,Hindupur,120,2,3911.64,3,Loyal Customers
64940409,Yoshita Divan,Gurgaon,162,3,2571.23,3,Loyal Customers
65121696,Warinder Gopal,Mirzapur,596,1,264.89,1,At Risk Customers
65134271,Ansh Singh,Ajmer,174,3,1582.99,3,Loyal Customers
65221572,Leela Bumb,Delhi,385,1,989.88,1,At Risk Customers
65294340,Jasmit Kota,Jamalpur,208,3,3968.97,3,Loyal Customers
65368179,Ati Iyer,Bokaro,56,1,1645.26,2,Regular Customers
65396354,Hemani Modi,Hindupur,170,1,1446.18,2,Regular Customers
65406127,Anita Ganguly,Nangloi Jat,171,3,2372.85,3,Loyal Customers
65426878,Frado Warrior,Nagpur,170,2,952.54,2,Regular Customers
65488134,Faqid Kar,Agra,9,5,4227.21,0,Premium Customers
65514005,Ekapad Kuruvilla,Dhanbad,87,6,3817.62,0,Premium Customers
65543312,Logan Pillay,Mumbai,456,1,795.36,1,At Risk Customers
65559853,Yahvi Bali,Kamarhati,31,2,703.98,2,Regular Customers
65570302,Onveer Parsa,Deoghar,53,3,2366.62,3,Loyal Customers
65618148,Aadhya Palla,Gandhinagar,127,2,2287.41,2,Regular Customers
65660660,Arya Sodhi,Gangtok,159,2,1132.38,2,Regular Customers
65772743,William Kuruvilla,Erode,244,1,390.03,2,Regular Customers
65782437,Geetika Kara,Haldia,200,1,802.83,2,Regular Customers
65815155,Amara Palan,Bangalore,25,5,5350.66,0,Premium Customers
65895091,Chaitaly Shere,Orai,236,3,2150.32,3,Loyal Customers
65903057,Krishna Shroff,Uluberia,122,3,4705.51,3,Loyal Customers
65963876,Vamakshi Talwar,Loni,201,2,2938.67,3,Loyal Customers
66023110,Joshua Mishra,Kottayam,276,3,1700.95,3,Loyal Customers
66130660,Lopa Bhasin,Gandhinagar,552,2,2435.13,1,At Risk Customers
66135710,Zayan Thakkar,Ramgarh,79,3,2868.6400000000003,3,Loyal Customers
66140659,Omya Iyengar,Ongole,474,1,1636.47,1,At Risk Customers
66233704,Adya Wason,Jorhat,228,1,608.0,2,Regular Customers
66252737,Umang Bhavsar,Warangal,408,1,998.52,1,At Risk Customers
66269844,Harshil Edwin,Ghaziabad,288,2,2958.43,3,Loyal Customers
66310963,Farhan Khare,Dewas,2,5,5198.0,0,Premium Customers
66354642,Priya Behl,Tenali,61,2,1346.87,2,Regular Customers
66359719,Diya Murty,Nagercoil,241,2,3069.6800000000003,3,Loyal Customers
66427343,Forum Iyer,Dewas,84,2,2270.13,2,Regular Customers
66440188,Ira Radhakrishnan,Haldia,90,1,989.37,2,Regular Customers
66485571,Anthony Pall,Ratlam,64,3,2950.8,3,Loyal Customers
66499992,Anirudh Barad,Haridwar,215,2,537.64,2,Regular Customers
66629497,Widisha Kaur,Vellore,227,1,102.44,2,Regular Customers
66655397,Hemal Grover,Pali,149,5,4539.0,0,Premium Customers
66710182,Max Mallick,Korba,94,1,1418.16,2,Regular Customers
66742602,Yatan Uppal,Jalna,161,4,3725.58,3,Loyal Customers
66761643,Samuel Mukherjee,Anand,47,2,2951.29,3,Loyal Customers
66766629,Harita Mander,Gulbarga,264,3,3828.09,3,Loyal Customers
66768157,Om Khosla,Singrauli,51,3,3311.24,3,Loyal Customers
66866026,Vyanjana Nagi,Ahmedabad,159,1,37.8,2,Regular Customers
66886852,Ubika Chand,Korba,44,2,3223.64,3,Loyal Customers
66932104,Chakradhar Dhawan,Shahjahanpur,186,4,2837.67,3,Loyal Customers
66943324,Gavin Karnik,Gorakhpur,70,4,5767.05,0,Premium Customers
67046342,Sanya Chacko,Vadodara,595,1,1021.98,1,At Risk Customers
67092149,Daksh Atwal,Davanagere,93,5,2451.3,3,Loyal Customers
67215939,Dominic Viswanathan,Erode,98,4,3601.33,3,Loyal Customers
67271824,Liam Rama,Salem,56,1,328.51,2,Regular Customers
67277562,Arunima Borde,Ghaziabad,261,3,4075.99,3,Loyal Customers
67302239,Tanvi Bajaj,Kozhikode,109,1,1065.14,2,Regular Customers
67310893,Idika Patla,Chennai,152,3,2108.35,3,Loyal Customers
67340606,Onkar Arya,Tirunelveli,21,3,5801.29,0,Premium Customers
67383024,Riya Kothari,Kollam,146,2,2522.7200000000003,3,Loyal Customers
67386193,Wakeeta Khurana,Pali,59,5,5669.900000000001,0,Premium Customers
67465084,Rachita Gill,Ratlam,287,2,3329.7000000000003,3,Loyal Customers
67528368,Anay Rana,Suryapet,127,1,97.1,2,Regular Customers
67538982,Upma Salvi,Shivpuri,118,5,8339.94,0,Premium Customers
67696145,Isaac Rattan,Bettiah,103,3,4163.37,3,Loyal Customers
67701771,Gaurav Sodhi,Mathura,187,1,395.82,2,Regular Customers
67708491,Dalbir Kata,Patiala,5,6,6767.33,0,Premium Customers
67711384,Widisha Varkey,Bilaspur,70,2,3314.19,3,Loyal Customers
67729191,Arin Grover,Karimnagar,11,5,4578.67,0,Premium Customers
67749649,Oviya Mitra,Mira-Bhayandar,343,1,1757.6,1,At Risk Customers
67829645,Akshay Vohra,Jamalpur,127,2,2987.3900000000003,3,Loyal Customers
67896836,Om Murty,Gulbarga,114,1,340.36,2,Regular Customers
67908555,Brinda Bahl,Chittoor,174,4,6223.54,0,Premium Customers
67918495,Aarav Gour,Ratlam,90,4,5985.16,0,Premium Customers
67952740,Sathvik Majumdar,Raebareli,40,4,3542.99,3,Loyal Customers
68016312,Qarin Bera,Orai,151,3,4360.11,3,Loyal Customers
68063317,Reva Rajagopal,Muzaffarnagar,392,2,3221.7000000000003,1,At Risk Customers
68159723,Yashvi Pathak,Orai,24,4,3402.06,3,Loyal Customers
68219091,Tanvi Dixit,Ongole,221,3,4318.51,3,Loyal Customers
68307253,Rachita Borra,Dewas,406,1,765.76,1,At Risk Customers
68341636,Hemani Mannan,Aurangabad,7,3,4028.05,3,Loyal Customers
68419593,Sneha Sodhi,Patna,387,2,1140.03,1,At Risk Customers
68475914,Ishita Sarna,Kishanganj,523,2,1307.26,1,At Risk Customers
68486301,Bachittar Misra,Kanpur,254,2,514.77,2,Regular Customers
68661619,Chaaya Manne,Darbhanga,141,2,1816.65,2,Regular Customers
68692574,Bachittar Wagle,Bharatpur,125,2,2034.18,2,Regular Customers
68703613,Praneel Bir,Imphal,104,5,4729.46,0,Premium Customers
68714053,Max Boase,Nanded,444,2,2099.73,1,At Risk Customers
68906393,Zilmil Ranganathan,Jalgaon,104,1,44.28,2,Regular Customers
68939350,Rachita Dhar,Machilipatnam,579,1,878.07,1,At Risk Customers
68941950,Ayushman Raghavan,Bhusawal,21,5,2957.19,0,Premium Customers
68965787,Ekavir Agate,Dhule,55,5,7377.360000000001,0,Premium Customers
68985290,Jack Memon,Ujjain,229,2,2712.78,3,Loyal Customers
69034027,Udarsh Gole,Nagaon,161,1,530.85,2,Regular Customers
69088723,Triveni Nori,Hapur,490,1,254.16,1,At Risk Customers
69219122,Varsha Varughese,Pimpri-Chinchwad,332,2,1560.5500000000002,1,At Risk Customers
69240186,Triya Memon,Kottayam,179,3,3444.88,3,Loyal Customers
69242672,Ranveer Sheth,Gandhidham,48,2,2182.02,2,Regular Customers
69276352,Jason Goel,Mysore,295,2,2783.92,1,At Risk Customers
69339331,Zehaan Kapur,Raurkela Industrial Township,115,1,2476.38,2,Regular Customers
69340015,Aryan Ravel,Tenali,37,2,3675.68,3,Loyal Customers
69353754,Brijesh Choudhary,Medininagar,310,1,1444.84,1,At Risk Customers
69364309,Bhavini Chokshi,Haridwar,306,2,3278.78,3,Loyal Customers
69415494,Yashvi Iyer,Rajkot,235,2,2527.41,3,Loyal Customers
69416782,Gagan Goel,Bijapur,35,2,3065.1,3,Loyal Customers
69516494,Veda Chad,Kanpur,164,3,3431.85,3,Loyal Customers
69632084,Max Sandal,Etawah,70,2,1522.39,2,Regular Customers
69749541,Ayush Amble,Satara,330,1,1648.41,1,At Risk Customers
69761993,Udant Kade,Gangtok,302,3,2644.69,3,Loyal Customers
69762479,Joshua Banerjee,Jamalpur,386,1,638.68,1,At Risk Customers
69863493,Yashica Madan,Junagadh,51,5,5335.610000000001,0,Premium Customers
69908484,Kevin Sachar,Udupi,86,3,1892.76,3,Loyal Customers
69925688,Yashica Sehgal,Nandyal,140,4,6120.52,0,Premium Customers
70084516,Ishaan Baria,Pallavaram,241,1,2216.2200000000003,2,Regular Customers
70168151,Akshay Dubey,Jamalpur,160,2,494.16,2,Regular Customers
70170606,Edhitha Chhabra,Purnia,337,1,386.92,1,At Risk Customers
70220141,Reyansh Dhaliwal,Sambalpur,355,3,2934.8900000000003,3,Loyal Customers
70221073,David Setty,Etawah,456,1,551.88,1,At Risk Customers
70230254,Hamsini Sandhu,Suryapet,99,2,767.85,2,Regular Customers
70243933,Irya Gola,Mahbubnagar,336,1,271.68,1,At Risk Customers
70363568,Ekavir Sunder,Shahjahanpur,19,4,4887.95,0,Premium Customers
70372270,Yadavi Garg,Ichalkaranji,134,3,3398.45,3,Loyal Customers
70391758,Meghana Palan,Tezpur,538,1,327.1,1,At Risk Customers
70420271,Ryan Ratta,Bhusawal,421,1,568.94,1,At Risk Customers
70459847,Krish Shankar,Bhopal,137,2,1917.53,2,Regular Customers
70529459,Zayyan Parsa,Pondicherry,218,3,3749.55,3,Loyal Customers
70543108,Baljiwan Sampath,Rajahmundry,206,2,2458.66,3,Loyal Customers
70589930,Sai Taneja,Sambalpur,344,3,1858.22,1,At Risk Customers
70608515,Aashi Behl,Belgaum,266,2,984.78,2,Regular Customers
70615775,Abdul Narang,Ludhiana,59,2,1586.5,2,Regular Customers
70798876,Amaira Sane,Dhanbad,57,2,1048.14,2,Regular Customers
70867736,Madhavi Nagarajan,Ambattur,157,3,3125.2200000000003,3,Loyal Customers
70965437,Ayush Lanka,Alwar,284,1,269.38,1,At Risk Customers
70966268,Odika Mahal,Arrah,381,1,141.28,1,At Risk Customers
70976153,Devansh Nanda,Ahmednagar,149,3,2718.82,3,Loyal Customers
71176678,Garima Tata,Dhule,550,1,244.05,1,At Risk Customers
71189232,Darsh Bedi,New Delhi,188,2,4441.74,3,Loyal Customers
71229024,Manbir Ramesh,Jamalpur,155,2,675.8000000000001,2,Regular Customers
71235336,Gabriel Sawhney,Bokaro,76,1,2589.54,2,Regular Customers
71252391,Mohini Johal,Kulti,107,5,4123.47,0,Premium Customers
71276926,Urishilla Sawhney,Nangloi Jat,532,1,2478.63,1,At Risk Customers
71321741,Adya Virk,Saharsa,424,2,2468.74,1,At Risk Customers
71411879,Aarav Mukherjee,Etawah,568,1,2215.38,1,At Risk Customers
71607166,Inaya Sama,Rohtak,2,2,1618.99,2,Regular Customers
71615827,Yash Contractor,Bulandshahr,291,2,2929.2200000000003,3,Loyal Customers
71643758,Lucky Kapoor,Kottayam,176,2,2948.52,3,Loyal Customers
71694275,Samarth Wagle,Aurangabad,293,3,1312.46,3,Loyal Customers
71755645,Hemang Raja,Pallavaram,368,1,568.41,1,At Risk Customers
71767248,Shivani Khurana,Jalandhar,508,1,1849.35,1,At Risk Customers
71902700,Qarin Nazareth,Bhind,52,4,3621.07,3,Loyal Customers
71905368,Chameli Magar,Bathinda,168,2,935.83,2,Regular Customers
71956734,Sneha Chaudhuri,Adoni,5,2,3907.17,3,Loyal Customers
72089140,Kritika Kalla,Kamarhati,19,3,3860.05,3,Loyal Customers
72132838,Yashvi Kashyap,Raurkela Industrial Township,178,2,1556.17,2,Regular Customers
72164737,Mugdha Mohan,Udaipur,346,1,309.62,1,At Risk Customers
72263318,Reyansh Sankar,Fatehpur,135,2,2220.65,2,Regular Customers
72359843,Leena Kala,Kalyan-Dombivli,452,1,988.34,1,At Risk Customers
72366758,Vedant Sengupta,Ichalkaranji,345,4,4624.73,0,Premium Customers
72415263,Dakshesh Varughese,Pallavaram,398,2,1098.05,1,At Risk Customers
72489544,Sanaya Joshi,Siwan,204,3,2055.32,3,Loyal Customers
72495274,Vasatika Amble,Aizawl,592,1,1573.7,1,At Risk Customers
72564495,Urmi Badami,Gandhidham,36,1,963.99,2,Regular Customers
72576730,Girik Kala,Chennai,344,2,1140.53,1,At Risk Customers
72605638,Zansi Nanda,Korba,48,3,2381.58,3,Loyal Customers
72667140,Neelima Raj,Mysore,423,1,1303.86,1,At Risk Customers
72675976,Kavya Pingle,Bhusawal,69,1,697.53,2,Regular Customers
72702075,Veda Thaman,Jalna,233,1,941.19,2,Regular Customers
72797175,Aarush Ratti,Loni,113,1,1320.57,2,Regular Customers
72857290,Krishna Aggarwal,Sasaram,213,2,1190.08,2,Regular Customers
72889295,Samuel Pal,Sasaram,87,3,898.0,2,Regular Customers
72942753,Alka Pal,Gurgaon,161,1,1652.42,2,Regular Customers
72946405,Ria Kuruvilla,Kulti,186,3,4019.84,3,Loyal Customers
73061709,Zinal Sundaram,Uluberia,45,2,1477.85,2,Regular Customers
73098723,Abhiram Khare,Coimbatore,531,1,2070.24,1,At Risk Customers
73363613,Aradhana Bala,Gopalpur,92,4,2209.1800000000003,3,Loyal Customers
73377004,Dayamai Borah,Delhi,6,4,1498.3300000000002,3,Loyal Customers
73392739,Chaitaly Kakar,Bikaner,187,3,1908.54,3,Loyal Customers
73393269,William Varughese,Ajmer,39,4,3210.8900000000003,3,Loyal Customers
73428596,Nathaniel Sem,Kakinada,68,2,3855.08,3,Loyal Customers
73586244,Netra Oak,Erode,461,1,535.22,1,At Risk Customers
73639935,Urvi Deo,Medininagar,58,2,2150.75,2,Regular Customers
73660582,Timothy Bhalla,Agra,23,3,3468.91,3,Loyal Customers
73661993,Elijah Verma,Hajipur,118,2,1120.1,2,Regular Customers
73679086,Tarak Divan,Dibrugarh,115,1,1635.0,2,Regular Customers
73735548,Ishanvi Bala,Haldia,153,1,418.48,2,Regular Customers
73799927,Tamanna Kashyap,Ambala,6,4,4100.3,0,Premium Customers
73807097,Manbir Manda,Firozabad,24,1,223.27,2,Regular Customers
73869823,Nathan Ratti,Mysore,208,3,3125.02,3,Loyal Customers
73891999,Vinaya Khatri,Sambalpur,37,1,923.84,2,Regular Customers
73933840,Amara Gill,Raiganj,466,1,568.94,1,At Risk Customers
74038361,Vasatika Lanka,Khandwa,203,2,1692.4,2,Regular Customers
74172010,Urvi Rajagopalan,Tadipatri,211,3,4152.08,3,Loyal Customers
74174956,Hemani D’Alia,Latur,185,3,2123.45,3,Loyal Customers
74179536,Hitesh Ray,Nizamabad,108,4,3946.07,3,Loyal Customers
74195536,Champak Chhabra,Amaravati,316,1,485.14,1,At Risk Customers
74212242,Netra Kaul,Allahabad,6,3,3062.11,3,Loyal Customers
74230420,Ati Choudhry,Mathura,73,3,3584.29,3,Loyal Customers
74231111,Jhalak Varty,Thane,125,2,810.73,2,Regular Customers
74313592,Vaishnavi Prasad,Pimpri-Chinchwad,85,3,2576.17,3,Loyal Customers
74515162,Aarnav Parsa,Durgapur,508,1,899.94,1,At Risk Customers
74548003,Falan Dhillon,Erode,304,1,1945.38,1,At Risk Customers
74572121,Triveni Baral,Mau,198,1,925.65,2,Regular Customers
74682740,Aarush Badami,Rewa,116,4,8308.32,0,Premium Customers
74694186,Nisha Jhaveri,Hubli–Dharwad,156,2,1982.17,2,Regular Customers
74735607,Naksh Amble,Raipur,101,2,4823.610000000001,3,Loyal Customers
74761384,Banjeet Gara,Nadiad,210,2,649.6,2,Regular Customers
74762653,Varenya Sama,Kakinada,148,1,1645.26,2,Regular Customers
74833221,Agastya Saran,Nashik,313,1,2162.8500000000004,1,At Risk Customers
74840437,Rachit Arya,Korba,455,1,517.03,1,At Risk Customers
75028268,Pahal Malhotra,Kirari Suleman Nagar,425,1,966.1,1,At Risk Customers
75038062,Udarsh Bail,Avadi,59,2,384.77,2,Regular Customers
75081265,Gaurav Luthra,Nizamabad,335,2,2983.55,1,At Risk Customers
75082508,Omaja Bajwa,Navi Mumbai,191,3,3384.26,3,Loyal Customers
75213636,Bhanumati Chatterjee,Sonipat,25,7,3961.31,0,Premium Customers
75244116,Jai Suri,Gorakhpur,217,5,3634.2,0,Premium Customers
75289676,Yashica Borra,Bardhaman,195,2,1920.27,2,Regular Customers
75464725,Chavvi Sibal,Sambhal,334,2,1754.81,1,At Risk Customers
75467328,Warhi Ravel,Siliguri,319,1,592.17,1,At Risk Customers
75474920,Ojas Wali,Serampore,284,2,2003.6,1,At Risk Customers
75490147,Parth Chad,Vadodara,70,2,1277.4499999999998,2,Regular Customers
75510747,Shaurya Luthra,Fatehpur,141,4,2395.79,3,Loyal Customers
75566105,Dipta Doctor,Hyderabad,485,2,1485.87,1,At Risk Customers
75632045,Shivansh Sharaf,Silchar,15,2,1344.16,2,Regular Customers
75640174,Advik Bhakta,Akola,36,2,1789.41,2,Regular Customers
75674671,Balendra Bains,Tadipatri,57,2,3842.85,3,Loyal Customers
75739462,Vasana Ganesh,Satna,43,5,4860.400000000001,0,Premium Customers
75752515,Gagan Chakraborty,Ballia,316,2,834.48,1,At Risk Customers
75828735,Yahvi Hegde,Ramagundam,26,1,2483.31,2,Regular Customers
75836905,Ganga Gill,Ongole,285,3,3784.58,3,Loyal Customers
75860724,Pranav Venkataraman,Aizawl,81,2,2905.78,3,Loyal Customers
75892474,Baghyawati Ray,Guntur,412,2,665.4200000000001,1,At Risk Customers
75913572,Aahana Menon,Guna,38,3,3788.96,3,Loyal Customers
75928073,Harsh Aggarwal,Udupi,70,4,3087.4700000000003,3,Loyal Customers
75944533,Garima Kohli,Jabalpur,15,1,1405.42,2,Regular Customers
75984768,Dev Deshpande,Guwahati,277,2,1879.0,1,At Risk Customers
76008165,Hemangini Mutti,Katihar,486,1,1245.62,1,At Risk Customers
76019750,Omisha Balan,Thiruvananthapuram,204,1,359.98,2,Regular Customers
76020843,Banjeet Behl,New Delhi,99,2,170.36,2,Regular Customers
76202036,Ishita Patla,Gwalior,67,1,305.1,2,Regular Customers
76212152,Mitali Kapoor,Agra,427,3,5652.3,0,Premium Customers
76218218,Vedant Dubey,Etawah,285,2,133.67000000000002,1,At Risk Customers
76327561,Osha Khanna,Adoni,101,4,3746.68,3,Loyal Customers
76359458,Yahvi Sule,Hosur,157,3,2046.61,3,Loyal Customers
76377003,Harsh Bhandari,Chandigarh,332,1,1270.68,1,At Risk Customers
76438648,Faraj Radhakrishnan,Dewas,474,1,1847.68,1,At Risk Customers
76441843,Neelima Chander,Gulbarga,370,1,16.86,1,At Risk Customers
76512976,Yashica Pathak,Belgaum,219,2,401.25,2,Regular Customers
76533277,Bakhshi Kuruvilla,Gangtok,300,2,1917.17,1,At Risk Customers
76604145,Nidra Agate,Rourkela,327,1,1531.52,1,At Risk Customers
76830090,Harshil Dey,Panipat,444,1,746.03,1,At Risk Customers
76850859,Harita Bir,Berhampur,12,4,5007.29,0,Premium Customers
76857266,Liam Nadig,Mumbai,333,2,505.35,1,At Risk Customers
76864442,Yashasvi Srinivas,Karnal,290,1,1655.64,1,At Risk Customers
76917159,Hiral Arya,Ludhiana,45,5,2230.22,3,Loyal Customers
76925460,Tara Narasimhan,Kharagpur,93,1,979.99,2,Regular Customers
76970363,Hardik Andra,Firozabad,466,3,2306.95,1,At Risk Customers
76971644,Banjeet Pal,Thoothukudi,71,4,2724.26,3,Loyal Customers
76987910,Oeshi Kannan,Shahjahanpur,394,2,2414.9,1,At Risk Customers
77007315,Amara Lad,Satara,66,4,3893.44,3,Loyal Customers
77015367,Oni Bhagat,Chittoor,404,2,1105.4499999999998,1,At Risk Customers
77035814,Ishaan Mohanty,Bhimavaram,130,4,3411.2,3,Loyal Customers
77085443,Prisha Nadkarni,Naihati,354,2,1677.98,1,At Risk Customers
77086074,Ekantika Mannan,Hazaribagh,110,1,1754.86,2,Regular Customers
77086539,Gayathri Kumer,Sangli-Miraj & Kupwad,44,3,2250.53,3,Loyal Customers
77128325,Yug Mangat,Satna,243,2,424.28,2,Regular Customers
77161976,Kavya Gupta,Dindigul,156,1,418.48,2,Regular Customers
77214094,Raksha Walla,Khammam,194,3,4988.1900000000005,3,Loyal Customers
77217240,Tristan Aurora,Karawal Nagar,62,1,229.04,2,Regular Customers
77220027,Aryan Krish,Coimbatore,355,1,545.49,1,At Risk Customers
77306672,Bina Seshadri,Motihari,266,1,1873.96,1,At Risk Customers
77320193,Aarush Das,Jalgaon,259,1,1405.42,2,Regular Customers
77345018,Bishakha Lanka,Udupi,48,2,2041.56,2,Regular Customers
77397957,Sachi Dubey,Coimbatore,168,3,5444.16,0,Premium Customers
77559557,Akshay Varty,Madurai,516,2,2674.83,1,At Risk Customers
77614510,Girik Gopal,Sirsa,39,4,5626.58,0,Premium Customers
77618011,Bhavna Bath,Silchar,300,1,1950.6,1,At Risk Customers
77625089,Omisha Kalla,Rourkela,481,1,101.28,1,At Risk Customers
77661491,Jyoti Srinivas,Hosur,474,1,863.4300000000001,1,At Risk Customers
77673290,Aditya Ram,Sagar,217,2,3683.8,3,Loyal Customers
77768189,Ojas Sinha,Machilipatnam,10,2,1395.3200000000002,2,Regular Customers
77811864,Urvashi Iyengar,Miryalaguda,195,4,4390.110000000001,0,Premium Customers
77862447,Tejas Doshi,Bally,314,3,3745.79,3,Loyal Customers
77869660,Nidhi Sha,Gandhinagar,58,9,10115.75,0,Premium Customers
77921718,Raghav Bassi,Thrissur,438,2,386.47,1,At Risk Customers
77961205,Yashica Handa,Burhanpur,27,3,4299.02,3,Loyal Customers
78014505,Kashish Chakraborty,Kottayam,437,1,563.46,1,At Risk Customers
78053306,Meera Naik,Visakhapatnam,599,1,422.23,1,At Risk Customers
78157360,Xavier Toor,Udaipur,258,3,3550.52,3,Loyal Customers
78158536,Yatan Gola,Imphal,242,1,2494.29,2,Regular Customers
78209683,Edhitha Barad,Jhansi,553,1,545.0,1,At Risk Customers
78254569,Theodore Sathe,Kalyan-Dombivli,103,2,4655.55,3,Loyal Customers
78267238,Luke Bala,Warangal,248,2,2408.08,3,Loyal Customers
78394303,Alexander Kata,Bilaspur,220,3,2156.18,3,Loyal Customers
78412820,Charvi Bajaj,Siliguri,9,2,658.5699999999999,2,Regular Customers
78439088,Ria Taneja,Ballia,334,1,358.16,1,At Risk Customers
78614729,Finn Goswami,Tiruvottiyur,351,2,3501.57,1,At Risk Customers
78678612,Kritika Padmanabhan,Mehsana,45,3,1843.02,3,Loyal Customers
78725001,David Thaker,Machilipatnam,199,4,1845.23,3,Loyal Customers
78732957,Madhav Anne,Malegaon,49,2,2737.44,3,Loyal Customers
78748184,Odika Jain,Karawal Nagar,211,2,3402.24,3,Loyal Customers
78750264,Krishna Choudhry,Ratlam,432,1,106.98,1,At Risk Customers
78806824,Yashawini Vasa,Guntakal,408,3,2792.4700000000003,1,At Risk Customers
78841932,Bhavani Rai,Guna,410,2,789.6,1,At Risk Customers
78847070,Gauri Ramakrishnan,Anantapur,361,1,513.5999999999999,1,At Risk Customers
78903046,Dakshesh Sundaram,Karawal Nagar,111,2,291.44,2,Regular Customers
78961097,Irya Agarwal,Udupi,212,1,712.86,2,Regular Customers
79076101,Maanav Gaba,Ujjain,292,1,96.33,1,At Risk Customers
79135318,Amaira Issac,Saharanpur,331,3,1120.99,1,At Risk Customers
79169760,Benjamin Kant,Nagaon,38,2,1449.4299999999998,2,Regular Customers
79206969,Aadi Bains,Jamalpur,112,5,3601.61,0,Premium Customers
79257353,Tanvi Wagle,Jaunpur,186,2,2434.26,3,Loyal Customers
79298972,Zaid Kari,Nadiad,240,2,2876.5,3,Loyal Customers
79369660,Bahadurjit Doctor,Purnia,91,2,2240.34,2,Regular Customers
79478655,Zilmil Rege,Silchar,99,4,2859.46,3,Loyal Customers
79591237,Osha Warrior,Thane,169,3,2584.02,3,Loyal Customers
79592021,Jack Basu,Chittoor,6,4,3108.55,3,Loyal Customers
79628054,Oscar Narula,Pondicherry,22,3,794.67,2,Regular Customers
79630614,Nikita Misra,Sasaram,150,2,1808.1,2,Regular Customers
79672044,Jagdish Vora,Hapur,104,3,1327.98,3,Loyal Customers
79695653,Yash Hans,Sonipat,156,2,614.81,2,Regular Customers
79726146,Zaitra Vig,Kozhikode,413,1,1329.51,1,At Risk Customers
79742293,Faris Mohanty,Hajipur,204,2,802.63,2,Regular Customers
79764458,Bhavani Kant,Etawah,2,5,1942.48,3,Loyal Customers
79773912,Vaishnavi Gulati,Jaunpur,120,2,4707.070000000001,3,Loyal Customers
79789048,Saumya Bassi,Ozhukarai,362,1,832.06,1,At Risk Customers
79895967,Hema Luthra,Chennai,81,4,5720.6900000000005,0,Premium Customers
79916464,Aishani Sunder,Shahjahanpur,157,4,3557.4300000000003,3,Loyal Customers
79919160,Qasim Rai,Silchar,226,2,228.98,2,Regular Customers
79942821,Tristan Pillay,Madhyamgram,59,1,864.3,2,Regular Customers
79960955,Chatresh Samra,New Delhi,277,2,4069.86,3,Loyal Customers
79991320,Ojas Bawa,Kumbakonam,6,3,2509.45,3,Loyal Customers
80269328,Daksha Saxena,Ambattur,33,1,2570.67,2,Regular Customers
80286283,Girindra Kalla,Ahmednagar,11,2,3616.41,3,Loyal Customers
80315623,Varenya Banik,Loni,367,2,3014.01,1,At Risk Customers
80371626,Yashasvi Divan,Karimnagar,506,2,473.18,1,At Risk Customers
80476444,Qadim Bail,Eluru,297,1,189.47,1,At Risk Customers
80499378,Ekta Chowdhury,South Dumdum,252,1,527.4,2,Regular Customers
80517784,Udyati Dara,Raiganj,221,6,5996.740000000001,0,Premium Customers
80571942,Mohammed Magar,Kishanganj,14,6,5232.62,0,Premium Customers
80696046,Avni Trivedi,Agartala,78,3,2398.89,3,Loyal Customers
80759416,Pavani Prabhakar,Junagadh,2,1,288.38,2,Regular Customers
80761521,Yashica Rama,Latur,410,3,1581.69,1,At Risk Customers
80796977,Nicholas Chandra,Deoghar,67,2,2295.07,2,Regular Customers
80800079,Shivani Barad,Bidhannagar,109,2,1157.65,2,Regular Customers
80833965,Irya Brar,Sangli-Miraj & Kupwad,223,2,2514.3500000000004,3,Loyal Customers
80850753,Gautami Rai,Thane,451,2,736.26,1,At Risk Customers
80858127,Rachana Chaudhry,Raichur,273,1,2015.04,1,At Risk Customers
80862136,Pallavi Seth,Ambattur,107,4,4367.5,0,Premium Customers
80875034,Vasatika Palla,Mahbubnagar,83,3,3243.82,3,Loyal Customers
80935110,Oscar Bir,Tumkur,226,3,3662.85,3,Loyal Customers
80952275,Kevin Babu,Bongaigaon,340,1,46.62,1,At Risk Customers
80954112,Irya Rana,Jammu,523,1,1884.74,1,At Risk Customers
81046421,Jacob Narayan,Kalyan-Dombivli,446,1,254.16,1,At Risk Customers
81088747,Peter Wagle,Ujjain,103,2,1251.0800000000002,2,Regular Customers
81091233,Divya Dada,Durgapur,161,2,3015.4,3,Loyal Customers
81102955,Pushti Naidu,Bhiwani,485,1,1655.64,1,At Risk Customers
81136091,Yuvraj Chander,Nanded,208,1,215.65,2,Regular Customers
81160474,Adweta Gokhale,Aizawl,259,1,844.46,2,Regular Customers
81174361,Shivansh Sawhney,Bhopal,66,1,294.96,2,Regular Customers
81183415,Rachita Char,Imphal,177,2,2857.14,3,Loyal Customers
81200164,Zehaan Chaudhry,Anantapur,226,2,1814.96,2,Regular Customers
81229704,Vamakshi Hari,Noida,83,1,1154.26,2,Regular Customers
81337068,Ira Kapur,Thiruvananthapuram,32,3,4554.42,3,Loyal Customers
81346291,Yashasvi Acharya,Nizamabad,249,2,2100.39,2,Regular Customers
81352781,Brinda Bassi,Dehradun,508,1,633.75,1,At Risk Customers
81373608,Priya Rai,Durg,445,1,66.12,1,At Risk Customers
81377917,Nachiket Panchal,Maheshtala,247,1,1479.57,2,Regular Customers
81382213,Victor Khurana,Burhanpur,297,2,2391.8500000000004,1,At Risk Customers
81420960,Warda Chanda,Hazaribagh,40,3,4716.0,3,Loyal Customers
81462774,Ishaan Sarkar,Junagadh,287,1,16.86,1,At Risk Customers
81500385,Upma Gokhale,Ludhiana,333,2,836.28,1,At Risk Customers
81528623,Qasim Hans,Jamshedpur,518,2,1271.16,1,At Risk Customers
81533356,Gauri Lala,Tiruppur,304,3,1857.77,3,Loyal Customers
81541985,Panini Padmanabhan,Asansol,359,4,6149.75,0,Premium Customers
81584486,Orinder Kurian,Hazaribagh,371,2,3579.14,1,At Risk Customers
81605722,Bachittar Morar,Salem,256,3,2369.41,3,Loyal Customers
81655250,Kashvi Rege,Madurai,442,1,2843.8500000000004,1,At Risk Customers
81757554,Yagnesh Nadkarni,Shimoga,176,4,1732.98,3,Loyal Customers
81763298,Laban Kumar,Ichalkaranji,35,2,1817.75,2,Regular Customers
81808190,Qasim Sharma,Bhusawal,109,4,2407.6800000000003,3,Loyal Customers
81822494,Dominic Verma,Sri Ganganagar,240,3,2976.3500000000004,3,Loyal Customers
81822935,Dhruv Ganguly,Nanded,76,5,3863.76,0,Premium Customers
81906973,Oliver Wagle,Loni,351,3,1086.5,1,At Risk Customers
81932548,Baghyawati Gill,Etawah,31,2,2811.7200000000003,3,Loyal Customers
81940369,Nilima Chaudhuri,Nellore,437,2,2199.27,1,At Risk Customers
81994445,Imaran Jha,Kalyan-Dombivli,46,2,1790.62,2,Regular Customers
82032191,Benjamin Bhatnagar,Satara,347,1,1603.62,1,At Risk Customers
82160592,Krisha Keer,Chittoor,246,1,827.77,2,Regular Customers
82169898,Bhavna Pau,Buxar,88,3,2150.14,3,Loyal Customers
82179338,Isha Dugar,Ulhasnagar,22,3,5077.62,0,Premium Customers
82286725,Unnati Mishra,Orai,172,4,3542.34,3,Loyal Customers
82322028,Reyansh Sinha,South Dumdum,195,1,371.22,2,Regular Customers
82359623,Pushti Sangha,Bellary,132,5,6525.46,0,Premium Customers
82374625,Ronith Sami,Singrauli,297,2,2249.7,1,At Risk Customers
82425179,Gagan Patil,Kakinada,212,3,1345.17,3,Loyal Customers
82529927,Yoshita Jain,Chinsurah,189,3,3200.76,3,Loyal Customers
82585664,Turvi Parmar,Ludhiana,242,3,3690.53,3,Loyal Customers
82594354,Harinakshi Sule,Avadi,91,4,3404.28,3,Loyal Customers
82700270,Hemal Bhavsar,Kishanganj,235,1,450.42,2,Regular Customers
82708090,Krishna Seshadri,Panvel,442,1,844.28,1,At Risk Customers
82770142,Balveer Brar,Karaikudi,2,1,154.22,2,Regular Customers
82804543,Yamini Thakkar,Arrah,15,2,930.84,2,Regular Customers
82854537,Yauvani Korpal,Varanasi,50,3,3726.69,3,Loyal Customers
82898985,Reva Pradhan,Pondicherry,313,1,832.06,1,At Risk Customers
82900175,Avni Som,Baranagar,35,2,2282.6,2,Regular Customers
82918668,Harita Nagy,Gudivada,139,2,2002.79,2,Regular Customers
82948843,Nathan Seth,Phusro,304,2,2046.69,1,At Risk Customers
82989313,Finn Ghose,Deoghar,6,3,1794.16,3,Loyal Customers
83023956,Lopa Kalita,Nanded,239,2,3928.440000000001,3,Loyal Customers
83034412,Unnati Deol,Jamnagar,146,1,2744.64,2,Regular Customers
83039559,Hemang Jain,Jalgaon,252,2,687.0799999999999,2,Regular Customers
83058329,Fariq Arya,Varanasi,58,1,274.25,2,Regular Customers
83155219,Yauvani Chanda,Satara,135,1,1028.82,2,Regular Customers
83236183,Zayan Kalla,Panihati,69,3,4471.68,3,Loyal Customers
83262890,Aryan Date,Ulhasnagar,180,2,3645.1,3,Loyal Customers
83298567,Vansha Kuruvilla,Asansol,202,3,5171.52,3,Loyal Customers
83304462,Diya Loyal,Jamnagar,15,2,3022.19,3,Loyal Customers
83304571,Abha Dugar,Dharmavaram,103,4,3094.31,3,Loyal Customers
83348353,Eta Dutt,Gurgaon,495,1,1755.96,1,At Risk Customers
83404008,Pooja Chaudhary,Berhampore,84,2,1017.54,2,Regular Customers
83412446,Libni Kunda,Avadi,41,3,4243.91,3,Loyal Customers
83577942,Oviya Rau,Shivpuri,228,4,3486.44,3,Loyal Customers
83588803,Indira Sabharwal,Tinsukia,299,1,339.76,1,At Risk Customers
83597876,Tanmayi Oak,Katni,134,2,203.13,2,Regular Customers
83610315,Nachiket Roy,Shahjahanpur,173,1,310.69,2,Regular Customers
83660688,Gopal Dube,Kottayam,439,4,4091.85,3,Loyal Customers
83701325,Chasmum Rau,Dehradun,30,4,3432.67,3,Loyal Customers
83867512,Aarush Samra,Kadapa,19,2,2707.11,3,Loyal Customers
83964902,Jeremiah Keer,Bhimavaram,204,1,1103.76,2,Regular Customers
84066402,Lucky Dar,Amritsar,12,5,5834.46,0,Premium Customers
84119685,Harish Aurora,Sambhal,5,3,1893.95,3,Loyal Customers
84161531,Raagini Verma,Rohtak,334,3,4949.4,3,Loyal Customers
84257716,Yauvani Rajan,Hazaribagh,262,1,1224.08,2,Regular Customers
84275450,Frederick Sem,Nellore,287,3,2895.03,3,Loyal Customers
84361534,Ansh Agrawal,Narasaraopet,294,2,3127.49,3,Loyal Customers
84377964,Saumya Babu,Tezpur,296,4,6173.37,0,Premium Customers
84448310,Ati Lad,Mumbai,123,2,1418.9599999999998,2,Regular Customers
84456355,Avi Ratti,Karawal Nagar,254,3,1894.62,3,Loyal Customers
84468124,Ishanvi Parmar,Gaya,22,5,4405.009999999999,0,Premium Customers
84572019,Jagrati Baral,Burhanpur,6,2,1024.2,2,Regular Customers
84641682,Anthony Natt,Bhilai,50,2,2662.78,3,Loyal Customers
84824280,Kamya Narayan,Ongole,98,6,5039.4800000000005,0,Premium Customers
84826389,Alexander Peri,Sonipat,490,1,1796.4900000000002,1,At Risk Customers
84848018,Jackson Roy,Alappuzha,189,3,1877.46,3,Loyal Customers
84850688,Atharv Nagar,Barasat,377,2,4475.58,1,At Risk Customers
84862161,Advaith Baria,Farrukhabad,174,2,3410.56,3,Loyal Customers
84929351,Charvi Kala,Gandhinagar,251,1,1632.76,2,Regular Customers
84937877,Yug Mahal,Guntur,74,2,2358.82,2,Regular Customers
84953008,Sai Pal,Bongaigaon,54,5,3046.1,0,Premium Customers
84986716,Eta Hegde,Begusarai,235,1,893.04,2,Regular Customers
84993732,Henry Modi,Aligarh,52,2,2121.9,2,Regular Customers
85006599,Siddharth Krishna,Shimoga,173,3,5191.96,3,Loyal Customers
85016568,Rudra Mall,Tinsukia,448,1,795.1,1,At Risk Customers
85020453,Hamsini Tripathi,Jaunpur,288,2,496.59,1,At Risk Customers
85072416,Brinda Sekhon,Loni,231,2,1283.99,2,Regular Customers
85074810,Aarna Naik,Bhagalpur,45,5,5050.280000000001,0,Premium Customers
85088479,Tanvi Magar,Rajkot,386,1,1755.96,1,At Risk Customers
85177880,Aryan Sridhar,Bardhaman,27,1,1247.25,2,Regular Customers
85198177,Charita Comar,Jammu,1,4,1767.74,3,Loyal Customers
85218071,Panini Mani,Hyderabad,171,2,1606.2600000000002,2,Regular Customers
85233498,Arin Chad,Bijapur,409,1,886.34,1,At Risk Customers
85340038,Faris Oza,Noida,322,2,1523.9,1,At Risk Customers
85354059,Anamika Dugar,Begusarai,152,4,1618.4,3,Loyal Customers
85435560,Viraj Nair,Ludhiana,494,1,2357.01,1,At Risk Customers
85474732,Waida Lanka,Allahabad,548,1,1090.98,1,At Risk Customers
85476508,Orinder Dua,Pallavaram,35,1,229.04,2,Regular Customers
85490177,Jonathan Shukla,Howrah,83,1,1979.76,2,Regular Customers
85518832,Alexander Sem,Tezpur,186,5,6117.95,0,Premium Customers
85519349,Harshil Kari,Anand,26,4,4035.97,0,Premium Customers
85561151,Zinal Dhawan,Kanpur,300,4,9268.59,0,Premium Customers
85626346,Isaiah Gera,Ghaziabad,260,4,2222.89,3,Loyal Customers
85658166,Faraj Krish,Thrissur,78,2,1405.94,2,Regular Customers
85747175,Karan Chatterjee,Rajkot,11,1,639.6,2,Regular Customers
85763665,Eshana Narula,Sikar,64,3,3865.210000000001,3,Loyal Customers
85838438,Advay Mann,Suryapet,352,1,97.04,1,At Risk Customers
85854265,Vasatika Naidu,Vijayanagaram,278,2,779.9200000000001,1,At Risk Customers
85869195,Kashish Nigam,Rajpur Sonarpur,248,2,3011.29,3,Loyal Customers
85907588,Avni Rai,Rampur,140,3,2939.12,3,Loyal Customers
86050297,Vincent Sahni,Sikar,240,1,816.38,2,Regular Customers
86067293,Udarsh Gour,Sambalpur,56,5,5724.7300000000005,0,Premium Customers
86167288,Rachana Rajagopal,Nagpur,259,1,2586.84,2,Regular Customers
86294036,Chatresh Rajagopalan,Arrah,550,1,552.2,1,At Risk Customers
86444757,Zaitra Walia,Jabalpur,115,3,3568.32,3,Loyal Customers
86479284,Harini Kadakia,Davanagere,317,2,2665.28,1,At Risk Customers
86483673,Ranveer Ranganathan,Satara,176,1,791.0999999999999,2,Regular Customers
86487478,Ojas Gour,Machilipatnam,204,2,1707.49,2,Regular Customers
86499778,Chakrika Sachar,Bhilai,292,1,2360.55,1,At Risk Customers
86636273,Saksham Bora,Chinsurah,107,2,1449.36,2,Regular Customers
86704661,Kamala Chokshi,Kamarhati,28,2,3127.01,3,Loyal Customers
86715467,Chanakya Bansal,Amaravati,151,2,2821.4,3,Loyal Customers
86995126,Bimala Bhattacharyya,Durgapur,28,3,1825.7,3,Loyal Customers
87059497,Abeer Merchant,Jamshedpur,137,2,3830.76,3,Loyal Customers
87107263,Lakshmi Arora,Vijayawada,157,2,2730.86,3,Loyal Customers
87160527,Gautam Ravel,Bulandshahr,40,4,4523.22,0,Premium Customers
87200291,Anya Panchal,Ichalkaranji,146,3,2161.44,3,Loyal Customers
87213891,Janani Malhotra,Sonipat,361,1,2216.2200000000003,1,At Risk Customers
87220860,Yashvi Dua,Kochi,96,2,1492.47,2,Regular Customers
87222820,Aadhya Padmanabhan,Ulhasnagar,314,1,416.65,1,At Risk Customers
87251489,Reyansh Johal,Thane,225,3,3016.8100000000004,3,Loyal Customers
87256913,Abhiram Kannan,Bhiwandi,45,1,288.27,2,Regular Customers
87266309,Yachana Sethi,Agra,220,3,7186.2,0,Premium Customers
87266831,Indira Palan,Mirzapur,422,2,3773.03,1,At Risk Customers
87335844,Chandran Chakraborty,Shivpuri,201,2,3979.66,3,Loyal Customers
87444738,Meghana Prabhu,Satna,57,1,77.11,2,Regular Customers
87450286,Harish Bedi,Asansol,225,1,942.37,2,Regular Customers
87457446,Yashodhara Sarraf,Katihar,88,1,831.43,2,Regular Customers
87463923,Gagan Lal,Katihar,7,4,5884.35,0,Premium Customers
87641623,Isaac Rattan,Bulandshahr,135,2,1654.17,2,Regular Customers
87669943,Ikshita Rajagopalan,Nandyal,298,2,2107.74,1,At Risk Customers
87691707,Radha Jha,Miryalaguda,41,1,1524.0,2,Regular Customers
87718744,Max Pandit,Bathinda,64,3,2458.63,3,Loyal Customers
87823209,Hemang Suri,Tadepalligudem,155,2,3442.63,3,Loyal Customers
87889031,Baghyawati Nair,Bhimavaram,204,2,1638.52,2,Regular Customers
87943214,Samar Basak,Tiruvottiyur,175,1,720.95,2,Regular Customers
87954926,Yachana Mahal,Ambala,278,2,1464.18,1,At Risk Customers
87984862,Qasim Kant,Yamunanagar,258,1,1879.1,2,Regular Customers
88045094,Yuvraj Memon,Panvel,177,4,3400.42,3,Loyal Customers
88067569,Aayush Sengupta,Gaya,297,3,4553.81,3,Loyal Customers
88111697,Ronith Rajagopal,Ballia,29,1,1245.62,2,Regular Customers
88130777,Darsh Gupta,North Dumdum,123,1,162.67,2,Regular Customers
88167544,Fariq Chawla,Mirzapur,543,1,714.84,1,At Risk Customers
88202341,Jagrati Dubey,Kottayam,445,2,1002.37,1,At Risk Customers
88203688,Chavvi Karan,Chittoor,137,3,3296.38,3,Loyal Customers
88215615,Falan Dar,Bongaigaon,50,1,183.76,2,Regular Customers
88223261,Yoshita Suri,Navi Mumbai,121,2,3390.27,3,Loyal Customers
88252625,Kritika Jha,Shivpuri,19,2,488.99,2,Regular Customers
88312515,Kiaan Chhabra,Gandhinagar,158,2,1143.58,2,Regular Customers
88324928,Geetika Nanda,Alappuzha,4,5,4024.04,0,Premium Customers
88517890,Anvi Swaminathan,Nizamabad,82,2,4191.0,3,Loyal Customers
88520326,Chasmum Dhaliwal,Asansol,115,3,2707.76,3,Loyal Customers
88532418,Ansh Bahl,Gorakhpur,341,3,3850.9,3,Loyal Customers
88553721,Vritti Mangat,Kadapa,21,3,1860.81,3,Loyal Customers
88684966,Jalsa Khanna,Surat,586,1,595.36,1,At Risk Customers
88739922,Harrison Yogi,Madurai,190,4,4773.84,0,Premium Customers
88745052,Leena Zacharia,Kumbakonam,523,1,275.03,1,At Risk Customers
88779806,Ethan Taneja,Srinagar,579,1,882.51,1,At Risk Customers
88843865,Mitesh Chaudry,Srinagar,435,1,1656.6,1,At Risk Customers
88866835,Osha Dora,South Dumdum,219,4,6474.360000000001,0,Premium Customers
88923048,Nandini Narula,Agra,7,3,3021.83,3,Loyal Customers
88965399,Darsh Sura,Guntur,560,1,463.5,1,At Risk Customers
89036169,Kashvi Chaudhuri,Deoghar,288,3,5936.9,0,Premium Customers
89051578,Zinal Natarajan,Alwar,216,1,959.4,2,Regular Customers
89142848,Vasudha Jain,Rajkot,523,1,223.27,1,At Risk Customers
89223620,Udyati Malhotra,Amravati,9,1,418.48,2,Regular Customers
89361574,Nakul Goyal,Deoghar,242,2,447.47,2,Regular Customers
89412038,Ekansh Nagi,Kharagpur,558,1,628.77,1,At Risk Customers
89418072,Azad Wason,Deoghar,201,1,680.72,2,Regular Customers
89472859,Ekaraj Dash,Saharsa,512,1,12.32,1,At Risk Customers
89476734,Jackson Rajagopal,Surat,461,2,4008.43,1,At Risk Customers
89523804,Girik Sangha,Kottayam,592,1,994.56,1,At Risk Customers
89531595,Balvan Bera,Jammu,155,4,1943.25,3,Loyal Customers
89617089,Kamala Apte,Bidhannagar,166,3,2104.57,3,Loyal Customers
89619421,Urvi Maharaj,Rajpur Sonarpur,10,3,3253.76,3,Loyal Customers
89669139,Bishakha Natarajan,Tiruppur,247,4,4856.639999999999,0,Premium Customers
89699655,Om Chadha,Darbhanga,19,3,3959.65,3,Loyal Customers
89704218,Harini Ramakrishnan,Khora ,9,2,3734.59,3,Loyal Customers
89784343,Radhika Kaul,Dibrugarh,100,2,319.51,2,Regular Customers
89811984,Saumya Yadav,Ramgarh,200,1,1641.8,2,Regular Customers
89867195,Akshay Comar,Tumkur,284,1,419.18,1,At Risk Customers
89874335,Mitali Sheth,Raiganj,416,1,2776.95,1,At Risk Customers
89886179,Ladli Shah,Kharagpur,219,2,2187.03,2,Regular Customers
89910157,Dayamai Ray,Khandwa,109,5,5032.97,0,Premium Customers
89950235,Aarav Dayal,Warangal,92,1,869.22,2,Regular Customers
89968482,Elijah Bora,Kottayam,142,4,3799.15,3,Loyal Customers
89986926,Manya Barad,Kota,37,3,1212.34,3,Loyal Customers
89995124,Gauri Butala,Muzaffarpur,181,2,777.4,2,Regular Customers
89998489,Logan Bhasin,Rajkot,572,1,968.94,1,At Risk Customers
90021871,Pooja Dube,Thiruvananthapuram,102,4,7960.33,0,Premium Customers
90038364,Upadhriti Chand,Ozhukarai,395,2,2843.9,1,At Risk Customers
90144978,Pooja Lad,Chittoor,173,1,594.45,2,Regular Customers
90150193,Advik Rajan,Buxar,37,4,2519.42,3,Loyal Customers
90184276,Vasudha Brar,Kurnool,432,3,3882.480000000001,3,Loyal Customers
90246977,Yuvraj Chacko,Tiruchirappalli,104,4,5827.400000000001,0,Premium Customers
90298394,Urvashi Oak,Bhilwara,22,3,5217.68,0,Premium Customers
90299101,Kamala Kakar,Akola,2,1,340.66,2,Regular Customers
90346920,Idika Acharya,Satara,55,4,4685.47,0,Premium Customers
90372221,Rajeshri Hayre,Jabalpur,358,2,1550.21,1,At Risk Customers
90448312,Chandani Tata,Panihati,2,6,6311.52,0,Premium Customers
90586029,Aarini Ray,Faridabad,163,2,3070.02,3,Loyal Customers
90586443,Baljiwan Pandey,Ambala,57,2,1153.1,2,Regular Customers
90621147,Vaishnavi Chowdhury,Jhansi,4,3,4942.45,3,Loyal Customers
90647204,Lipika Swaminathan,Muzaffarnagar,64,1,2357.01,2,Regular Customers
90649019,Omaja Sahni,Fatehpur,118,5,3949.07,0,Premium Customers
90665975,Hamsini Dhingra,Nangloi Jat,83,5,2628.03,3,Loyal Customers
90666073,Pratyush Dhar,Farrukhabad,86,1,652.5,2,Regular Customers
90696847,Balendra Choudhary,Bathinda,135,1,712.86,2,Regular Customers
90743791,Vidhi Saxena,Morbi,307,1,681.66,1,At Risk Customers
90745023,Samarth Sathe,Ratlam,365,4,1300.5800000000002,3,Loyal Customers
90753712,Amruta Bhatt,Dharmavaram,200,1,931.61,2,Regular Customers
90856813,Neha Ramaswamy,Dhanbad,335,2,2717.4,1,At Risk Customers
90882023,Benjamin Misra,Begusarai,467,1,2736.87,1,At Risk Customers
90919603,Priya Chaudry,Howrah,87,3,1836.18,3,Loyal Customers
91024604,Manbir Devan,Sambalpur,69,3,1630.43,3,Loyal Customers
91072336,Tristan Parmer,Jaunpur,166,1,2767.92,2,Regular Customers
91130614,Rayaan Seth,Jabalpur,352,2,1798.84,1,At Risk Customers
91144803,Hemang Singhal,Imphal,321,2,949.96,1,At Risk Customers
91196901,Atharv Kurian,Jabalpur,116,5,6873.18,0,Premium Customers
91228580,Ojasvi Yadav,Mangalore,581,1,2127.24,1,At Risk Customers
91243571,Ojas Deep,Navi Mumbai,17,4,3789.62,3,Loyal Customers
91312072,Joshua Rana,Jalna,156,2,630.78,2,Regular Customers
91320466,Laban Raju,Yamunanagar,147,1,236.51,2,Regular Customers
91382237,Yashasvi Prasad,Bhiwani,188,3,2214.82,3,Loyal Customers
91384030,Gaurika Sheth,Arrah,265,1,665.68,2,Regular Customers
91408854,Warinder Virk,Vijayawada,506,2,1566.22,1,At Risk Customers
91448742,Henry Badal,Bongaigaon,140,3,1705.61,3,Loyal Customers
91500615,Varenya Vala,Parbhani,21,3,5743.24,0,Premium Customers
91550885,Isaiah Basu,Alappuzha,143,4,3879.91,3,Loyal Customers
91562028,Ayaan Kashyap,Noida,64,4,2819.04,3,Loyal Customers
91566278,Keya Chadha,Burhanpur,282,3,3380.42,3,Loyal Customers
91590001,Nandini Bawa,Kolhapur,6,2,1272.9,2,Regular Customers
91602727,Rayaan Palla,Indore,584,1,2906.82,1,At Risk Customers
91614690,Chaman Yohannan,Nandyal,536,1,1704.04,1,At Risk Customers
91768226,Vansha Walia,Bardhaman,237,1,320.14,2,Regular Customers
91789216,Rajeshri Rama,Thane,528,1,1154.26,1,At Risk Customers
91791128,Warda Mand,Allahabad,253,2,894.63,2,Regular Customers
91853589,Xavier Wali,Jalna,422,1,755.66,1,At Risk Customers
91868185,Raghav Sathe,Srinagar,181,2,3577.0200000000004,3,Loyal Customers
91973128,Advik Hayre,Karnal,404,1,1749.56,1,At Risk Customers
92027021,Chatura Natt,Ballia,88,3,3549.51,3,Loyal Customers
92038780,Geetika Bansal,Pallavaram,179,2,1850.55,2,Regular Customers
92091019,Kai Subramanian,Kalyan-Dombivli,550,1,2216.2200000000003,1,At Risk Customers
92098757,Bhavna Mammen,Phagwara,134,1,727.95,2,Regular Customers
92118758,Yadavi Bhatt,Gorakhpur,246,1,878.8,2,Regular Customers
92123198,Diya Munshi,Bidar,206,2,4049.49,3,Loyal Customers
92209869,Bishakha Shah,Jhansi,367,2,1048.75,1,At Risk Customers
92245432,Ayushman Goel,Tadipatri,73,4,3627.03,3,Loyal Customers
92306841,Dakshesh Kalita,Rampur,130,4,3697.96,3,Loyal Customers
92356639,Girish Lall,Udaipur,88,4,2410.86,3,Loyal Customers
92404798,Gautami Dayal,Jorhat,269,6,6888.06,0,Premium Customers
92409489,Deepa Devi,Shivpuri,277,3,3615.52,3,Loyal Customers
92416428,Falak Balan,Avadi,105,3,4955.43,3,Loyal Customers
92455970,Bhavna Chada,Navi Mumbai,400,2,2875.23,1,At Risk Customers
92509376,Sudiksha Dutta,Jehanabad,20,3,3396.11,3,Loyal Customers
92583164,Amruta Lad,Burhanpur,37,1,1263.4,2,Regular Customers
92604392,Kevin Palan,Faridabad,497,1,424.28,1,At Risk Customers
92636025,Balendra Sidhu,Ambattur,470,2,1168.46,1,At Risk Customers
92642745,Nicholas Puri,Bihar Sharif,5,3,2380.24,3,Loyal Customers
92843141,Mekhala Seshadri,Kota,92,1,765.76,2,Regular Customers
93018527,Lekha Rout,Narasaraopet,76,7,5704.18,0,Premium Customers
93122847,Nachiket Sangha,Ludhiana,35,3,3326.69,3,Loyal Customers
93127511,Warinder Chandran,Bijapur,382,2,897.92,1,At Risk Customers
93198324,Bhavya Dutta,Thane,221,3,3404.67,3,Loyal Customers
93318833,Jagat Sridhar,Indore,5,2,826.6800000000001,2,Regular Customers
93321933,Xalak Sangha,Ozhukarai,155,3,1538.9299999999998,3,Loyal Customers
93341057,Ayaan Tiwari,Maheshtala,87,2,3018.2000000000003,3,Loyal Customers
93370787,Oni Sahota,Jehanabad,145,3,4683.55,3,Loyal Customers
93458307,Jalsa Choudhury,Anand,97,1,2644.26,2,Regular Customers
93507573,Raksha Prashad,Purnia,223,4,3550.21,3,Loyal Customers
93563435,Siya Sandhu,Nagpur,57,6,2878.05,0,Premium Customers
93617659,Nikita Ramanathan,Nangloi Jat,170,3,1778.2200000000005,3,Loyal Customers
93675757,Geetika Mander,Noida,49,4,991.08,3,Loyal Customers
93699264,Bakhshi Ghose,Hubli–Dharwad,170,3,3405.08,3,Loyal Customers
93723634,Aditya Swamy,Berhampur,56,3,2270.07,3,Loyal Customers
93730857,Pratyush Goyal,Singrauli,87,2,1149.72,2,Regular Customers
93735495,Urvi Prasad,Jehanabad,143,1,863.18,2,Regular Customers
93826036,Reyansh Sarma,Hazaribagh,549,1,2664.48,1,At Risk Customers
93867669,Vrishti Bhatti,Khammam,405,1,415.75,1,At Risk Customers
93924203,Xalak Goyal,Jorhat,3,6,4052.14,0,Premium Customers
93937586,Pranav Solanki,Medininagar,81,1,461.16,2,Regular Customers
93938425,Darpan Goyal,Nagercoil,80,4,4071.13,0,Premium Customers
94033330,Prisha Tella,Visakhapatnam,30,4,2087.37,3,Loyal Customers
94078407,Praneel Baria,Uluberia,86,1,1152.44,2,Regular Customers
94137242,Rohan Mallick,Bhagalpur,588,2,3062.74,1,At Risk Customers
94165062,Siddharth Shroff,Eluru,399,1,242.57,1,At Risk Customers
94179692,Faras Bahri,Alwar,51,1,595.36,2,Regular Customers
94281220,Teerth Balan,Pondicherry,137,2,1095.3,2,Regular Customers
94404245,Quincy Chauhan,Rampur,67,1,2147.16,2,Regular Customers
94430842,Pallavi Kothari,Jammu,300,1,291.12,1,At Risk Customers
94453274,Widisha Wali,Aurangabad,346,2,870.78,1,At Risk Customers
94486311,Ladli Mani,Chittoor,84,2,424.2000000000001,2,Regular Customers
94529626,Gavin Kaur,Pudukkottai,246,3,2179.69,3,Loyal Customers
94552818,Pooja Lalla,Srinagar,291,1,132.27,1,At Risk Customers
94706375,Urishilla Kala,Amravati,114,1,395.82,2,Regular Customers
94713625,Samar Deol,Barasat,297,2,1951.57,1,At Risk Customers
94730288,Idika Bath,Rampur,293,3,3018.95,3,Loyal Customers
94854830,Aarna Dave,Kochi,481,1,738.74,1,At Risk Customers
95001589,Dayamai Bhasin,Asansol,162,2,1839.59,2,Regular Customers
95018817,Ucchal Bajaj,North Dumdum,435,2,2124.96,1,At Risk Customers
95269737,Aarini Vora,Machilipatnam,13,1,1562.16,2,Regular Customers
95309983,Vansha Atwal,Solapur,182,2,2827.05,3,Loyal Customers
95334407,Krish Sunder,Cuttack,140,2,1730.43,2,Regular Customers
95364457,Nitara Bandi,Ramagundam,165,4,3856.54,3,Loyal Customers
95371787,Bhavya Bhattacharyya,Gudivada,343,2,2372.23,1,At Risk Customers
95372766,Hitesh Morar,Latur,349,3,3616.74,3,Loyal Customers
95382317,Aradhana Sen,Patiala,62,1,537.24,2,Regular Customers
95428692,Janani Yohannan,Motihari,241,2,1016.49,2,Regular Customers
95558510,Ekaraj Halder,Bhind,366,1,271.68,1,At Risk Customers
95590889,Janani Purohit,Kharagpur,546,1,1796.4900000000002,1,At Risk Customers
95594611,Dayita Dass,Thiruvananthapuram,222,1,724.84,2,Regular Customers
95736310,Bishakha Vora,Morbi,589,1,688.14,1,At Risk Customers
95768401,Jyoti Pau,Kadapa,1,2,934.17,2,Regular Customers
95858939,Chakrika Shroff,Raiganj,79,2,2124.36,2,Regular Customers
95873651,Shivani Divan,Ballia,341,3,936.02,1,At Risk Customers
95912198,Bhavna Gara,Anantapuram,45,3,4051.93,3,Loyal Customers
95971469,Rachit Parikh,Chapra,71,5,4541.77,0,Premium Customers
96001315,Jhalak Naidu,Bihar Sharif,58,2,764.14,2,Regular Customers
96009692,Panini Naik,Bhagalpur,109,2,726.62,2,Regular Customers
96042320,Jagdish Ray,Nagaon,511,1,2108.13,1,At Risk Customers
96109948,Riya Wason,Shivpuri,63,3,2448.8,3,Loyal Customers
96149069,Omisha Pall,Ozhukarai,399,1,236.51,1,At Risk Customers
96171594,Pratyush Tak,Jodhpur,182,1,1991.96,2,Regular Customers
96253172,Zarna Mammen,Berhampur,124,4,4368.86,0,Premium Customers
96373206,Garima Magar,Indore,80,2,2012.04,2,Regular Customers
96461062,Udarsh Lal,Hosur,586,1,958.02,1,At Risk Customers
96511007,Hema Mannan,Dindigul,67,3,2346.79,3,Loyal Customers
96628029,Zansi Kara,Tirupati,53,2,1356.95,2,Regular Customers
96629034,Raghav Nayak,Hyderabad,55,2,4770.450000000001,3,Loyal Customers
96629258,Liam Joshi,Chandigarh,26,3,2219.05,3,Loyal Customers
96640716,Yatan Varughese,Sikar,74,2,1150.06,2,Regular Customers
96795047,Osha Desai,Chittoor,47,3,1776.7800000000002,3,Loyal Customers
96806748,Qabil Nath,Bareilly,111,2,2095.46,2,Regular Customers
96853930,Jagvi Varty,Bhopal,311,3,1461.58,3,Loyal Customers
96903782,Tanish Andra,Kakinada,95,4,3115.64,3,Loyal Customers
96989204,Nimrat Kalita,Deoghar,59,4,6412.81,0,Premium Customers
97033691,Aarini Muni,Mysore,170,3,1714.79,3,Loyal Customers
97111069,Megha Hora,North Dumdum,229,4,4154.8,0,Premium Customers
97111119,Ridhi Sekhon,Tiruchirappalli,451,1,878.07,1,At Risk Customers
97141762,Banjeet Goda,Agra,21,2,716.46,2,Regular Customers
97144544,Indali Toor,Guna,188,1,2405.43,2,Regular Customers
97150234,Ishaan Brahmbhatt,Bihar Sharif,188,2,2239.23,2,Regular Customers
97174235,Ekapad Atwal,Hubli–Dharwad,149,1,535.22,2,Regular Customers
97185284,Jeevika Nayar,Haldia,62,2,3069.52,3,Loyal Customers
97191387,Chavvi Bhatia,Madurai,192,1,1193.04,2,Regular Customers
97259564,Watika Narayanan,Khammam,142,2,1018.97,2,Regular Customers
97277696,Ijaya Halder,Jamalpur,342,1,66.12,1,At Risk Customers
97286925,Omkaar Bedi,Vellore,224,2,710.35,2,Regular Customers
97315135,Bhavini Parikh,Shivpuri,136,2,1255.86,2,Regular Customers
97388817,Yahvi Bala,Bathinda,205,1,783.0899999999999,2,Regular Customers
97411107,Udarsh Sandhu,Medininagar,59,3,2941.07,3,Loyal Customers
97419742,Wishi Doshi,Adoni,323,2,509.76,1,At Risk Customers
97466783,Harita Mangat,Kota,215,3,3388.57,3,Loyal Customers
97475543,Niharika Nagi,Udupi,116,4,3699.98,3,Loyal Customers
97484394,Ayush Choudhry,Jaipur,109,1,671.68,2,Regular Customers
97492493,Alexander Ray,Singrauli,268,3,3813.46,3,Loyal Customers
97507853,Udyati Rana,Chapra,35,2,786.9100000000001,2,Regular Customers
97509888,Rushil Patil,Thanjavur,63,1,215.65,2,Regular Customers
97557157,Priya Karan,Bardhaman,49,3,2360.2200000000003,3,Loyal Customers
97664747,Sanaya Chatterjee,Gulbarga,283,3,4286.36,3,Loyal Customers
97678578,Jagat Hayre,Loni,302,4,3444.05,3,Loyal Customers
97739583,Vasudha Nair,Hapur,216,1,545.49,2,Regular Customers
97770901,Dhruv Krishna,Bidhannagar,26,3,1494.56,3,Loyal Customers
97825663,Upadhriti Sha,Udaipur,26,5,3755.68,0,Premium Customers
97873848,Ladli Johal,Kavali,29,3,6649.71,0,Premium Customers
97928541,Pratyush Peri,Tiruchirappalli,73,1,972.56,2,Regular Customers
97928781,Dhriti Om,Gaya,306,2,3905.67,3,Loyal Customers
98088303,Neel Palan,Agartala,134,5,4416.47,0,Premium Customers
98144693,Varenya Ahluwalia,Kota,25,1,1829.76,2,Regular Customers
98152679,Geetika Arora,Thiruvananthapuram,255,2,1968.94,2,Regular Customers
98211325,Tristan Varkey,Bhilai,126,2,1390.06,2,Regular Customers
98218863,Panini Dua,Pimpri-Chinchwad,242,2,3042.34,3,Loyal Customers
98225598,Neelima Som,Sambalpur,132,5,5763.78,0,Premium Customers
98241853,Lila Mangal,Vellore,549,1,44.08,1,At Risk Customers
98246574,Rachita Varty,Chinsurah,18,3,3910.16,3,Loyal Customers
98307019,Omya Magar,Bangalore,133,3,2877.63,3,Loyal Customers
98444183,Radha D’Alia,Tenali,15,6,6455.67,0,Premium Customers
98540377,Brinda Datta,Unnao,101,4,1944.24,3,Loyal Customers
98625898,Raagini Taneja,Raiganj,171,2,304.8,2,Regular Customers
98687927,Yachana Brar,Pali,12,3,2045.9,3,Loyal Customers
98691989,Dakshesh Lala,Bhavnagar,148,2,1211.07,2,Regular Customers
98709982,Dhruv Kalita,Dehri,234,2,1959.21,2,Regular Customers
98858383,Janani Gill,Dehri,17,3,3093.26,3,Loyal Customers
98896871,Laksh Narula,Asansol,14,2,4668.81,3,Loyal Customers
98930670,Anjali Raju,Singrauli,371,1,715.72,1,At Risk Customers
99156138,Yatin Hayer,Morbi,445,1,833.28,1,At Risk Customers
99160348,Jeremiah Sarin,Siliguri,70,2,3521.6800000000003,3,Loyal Customers
99231937,William Banerjee,Secunderabad,83,3,2358.66,3,Loyal Customers
99301505,Reyansh Wason,Bhimavaram,65,3,1541.99,3,Loyal Customers
99361865,Ekantika Ravel,Berhampur,21,3,5226.01,0,Premium Customers
99406165,Yadavi Tiwari,Purnia,536,2,1673.25,1,At Risk Customers
99412119,Samarth Sachar,Agartala,149,1,2162.8500000000004,2,Regular Customers
99490786,Ayush Biswas,Kishanganj,414,2,2339.69,1,At Risk Customers
99594960,Amaira Tak,Madanapalle,321,1,890.8199999999999,1,At Risk Customers
99627097,Amara Narayanan,Raiganj,446,2,2937.6900000000005,1,At Risk Customers
99695529,Charvi Tripathi,North Dumdum,169,3,4717.43,3,Loyal Customers
99707100,Falan Master,Munger,400,3,3910.08,3,Loyal Customers
99714944,Bhanumati Chauhan,Adoni,87,3,1961.23,3,Loyal Customers
99729547,Wridesh Saini,Gwalior,7,3,1400.56,3,Loyal Customers
99734256,Ishwar Nair,Ratlam,55,3,3887.98,3,Loyal Customers
99772709,Xiti Jaggi,Tadepalligudem,32,3,1834.69,3,Loyal Customers
99784559,Laban Chopra,Allahabad,577,1,1395.06,1,At Risk Customers
99824171,Vasatika Ram,Thoothukudi,145,2,587.27,2,Regular Customers
99893898,Vedant Master,Berhampore,66,4,3696.69,3,Loyal Customers
